IdGr,libelle
1,Apprenti
2,Compagnon
3,Maître
4,Grand Maître
5,Archonte
6,Sénéchal
7,Connétable
8,Maréchal
9,Chambellan
10,Chancelier
11,Grade #11
12,Grade #12
13,Grade #13
14,Grade #14
15,Grade #15
16,Grade #16
17,Grade #17
18,Grade #18
19,Grade #19
20,Grade #20
21,Grade #21
22,Grade #22
23,Grade #23
24,Grade #24
25,Grade #25
26,Grade #26
27,Grade #27
28,Grade #28
29,Grade #29
30,Grade #30
31,Grade #31
32,Grade #32
33,Grade #33
34,Grade #34
35,Grade #35
36,Grade #36
37,Grade #37
38,Grade #38
39,Grade #39
40,Grade #40
41,Grade #41
42,Grade #42
43,Grade #43
44,Grade #44
45,Grade #45
46,Grade #46
47,Grade #47
48,Grade #48
49,Grade #49
50,Grade #50
51,Grade #51
52,Grade #52
53,Grade #53
54,Grade #54
55,Grade #55
56,Grade #56
57,Grade #57
58,Grade #58
59,Grade #59
60,Grade #60
61,Grade #61
62,Grade #62
63,Grade #63
64,Grade #64
65,Grade #65
66,Grade #66
67,Grade #67
68,Grade #68
69,Grade #69
70,Grade #70
71,Grade #71
72,Grade #72
73,Grade #73
74,Grade #74
75,Grade #75
76,Grade #76
77,Grade #77
78,Grade #78
79,Grade #79
80,Grade #80
81,Grade #81
82,Grade #82
83,Grade #83
84,Grade #84
85,Grade #85
86,Grade #86
87,Grade #87
88,Grade #88
89,Grade #89
90,Grade #90
91,Grade #91
92,Grade #92
93,Grade #93
94,Grade #94
95,Grade #95
96,Grade #96
97,Grade #97
98,Grade #98
99,Grade #99
100,Grade #100
101,Grade #101
102,Grade #102
103,Grade #103
104,Grade #104
105,Grade #105
106,Grade #106
107,Grade #107
108,Grade #108
109,Grade #109
110,Grade #110
111,Grade #111
112,Grade #112
113,Grade #113
114,Grade #114
115,Grade #115
116,Grade #116
117,Grade #117
118,Grade #118
119,Grade #119
120,Grade #120
121,Grade #121
122,Grade #122
123,Grade #123
124,Grade #124
125,Grade #125
126,Grade #126
127,Grade #127
128,Grade #128
129,Grade #129
130,Grade #130
131,Grade #131
132,Grade #132
133,Grade #133
134,Grade #134
135,Grade #135
136,Grade #136
137,Grade #137
138,Grade #138
139,Grade #139
140,Grade #140
141,Grade #141
142,Grade #142
143,Grade #143
144,Grade #144
145,Grade #145
146,Grade #146
147,Grade #147
148,Grade #148
149,Grade #149
150,Grade #150
151,Grade #151
152,Grade #152
153,Grade #153
154,Grade #154
155,Grade #155
156,Grade #156
157,Grade #157
158,Grade #158
159,Grade #159
160,Grade #160
161,Grade #161
162,Grade #162
163,Grade #163
164,Grade #164
165,Grade #165
166,Grade #166
167,Grade #167
168,Grade #168
169,Grade #169
170,Grade #170
171,Grade #171
172,Grade #172
173,Grade #173
174,Grade #174
175,Grade #175
176,Grade #176
177,Grade #177
178,Grade #178
179,Grade #179
180,Grade #180
181,Grade #181
182,Grade #182
183,Grade #183
184,Grade #184
185,Grade #185
186,Grade #186
187,Grade #187
188,Grade #188
189,Grade #189
190,Grade #190
191,Grade #191
192,Grade #192
193,Grade #193
194,Grade #194
195,Grade #195
196,Grade #196
197,Grade #197
198,Grade #198
199,Grade #199
200,Grade #200
201,Grade #201
202,Grade #202
203,Grade #203
204,Grade #204
205,Grade #205
206,Grade #206
207,Grade #207
208,Grade #208
209,Grade #209
210,Grade #210
211,Grade #211
212,Grade #212
213,Grade #213
214,Grade #214
215,Grade #215
216,Grade #216
217,Grade #217
218,Grade #218
219,Grade #219
220,Grade #220
221,Grade #221
222,Grade #222
223,Grade #223
224,Grade #224
225,Grade #225
226,Grade #226
227,Grade #227
228,Grade #228
229,Grade #229
230,Grade #230
231,Grade #231
232,Grade #232
233,Grade #233
234,Grade #234
235,Grade #235
236,Grade #236
237,Grade #237
238,Grade #238
239,Grade #239
240,Grade #240
241,Grade #241
242,Grade #242
243,Grade #243
244,Grade #244
245,Grade #245
246,Grade #246
247,Grade #247
248,Grade #248
249,Grade #249
250,Grade #250
251,Grade #251
252,Grade #252
253,Grade #253
254,Grade #254
255,Grade #255
256,Grade #256
257,Grade #257
258,Grade #258
259,Grade #259
260,Grade #260
261,Grade #261
262,Grade #262
263,Grade #263
264,Grade #264
265,Grade #265
266,Grade #266
267,Grade #267
268,Grade #268
269,Grade #269
270,Grade #270
271,Grade #271
272,Grade #272
273,Grade #273
274,Grade #274
275,Grade #275
276,Grade #276
277,Grade #277
278,Grade #278
279,Grade #279
280,Grade #280
281,Grade #281
282,Grade #282
283,Grade #283
284,Grade #284
285,Grade #285
286,Grade #286
287,Grade #287
288,Grade #288
289,Grade #289
290,Grade #290
291,Grade #291
292,Grade #292
293,Grade #293
294,Grade #294
295,Grade #295
296,Grade #296
297,Grade #297
298,Grade #298
299,Grade #299
300,Grade #300
301,Grade #301
302,Grade #302
303,Grade #303
304,Grade #304
305,Grade #305
306,Grade #306
307,Grade #307
308,Grade #308
309,Grade #309
310,Grade #310
311,Grade #311
312,Grade #312
313,Grade #313
314,Grade #314
315,Grade #315
316,Grade #316
317,Grade #317
318,Grade #318
319,Grade #319
320,Grade #320
321,Grade #321
322,Grade #322
323,Grade #323
324,Grade #324
325,Grade #325
326,Grade #326
327,Grade #327
328,Grade #328
329,Grade #329
330,Grade #330
331,Grade #331
332,Grade #332
333,Grade #333
334,Grade #334
335,Grade #335
336,Grade #336
337,Grade #337
338,Grade #338
339,Grade #339
340,Grade #340
341,Grade #341
342,Grade #342
343,Grade #343
344,Grade #344
345,Grade #345
346,Grade #346
347,Grade #347
348,Grade #348
349,Grade #349
350,Grade #350
351,Grade #351
352,Grade #352
353,Grade #353
354,Grade #354
355,Grade #355
356,Grade #356
357,Grade #357
358,Grade #358
359,Grade #359
360,Grade #360
361,Grade #361
362,Grade #362
363,Grade #363
364,Grade #364
365,Grade #365
366,Grade #366
367,Grade #367
368,Grade #368
369,Grade #369
370,Grade #370
371,Grade #371
372,Grade #372
373,Grade #373
374,Grade #374
375,Grade #375
376,Grade #376
377,Grade #377
378,Grade #378
379,Grade #379
380,Grade #380
381,Grade #381
382,Grade #382
383,Grade #383
384,Grade #384
385,Grade #385
386,Grade #386
387,Grade #387
388,Grade #388
389,Grade #389
390,Grade #390
391,Grade #391
392,Grade #392
393,Grade #393
394,Grade #394
395,Grade #395
396,Grade #396
397,Grade #397
398,Grade #398
399,Grade #399
400,Grade #400
401,Grade #401
402,Grade #402
403,Grade #403
404,Grade #404
405,Grade #405
406,Grade #406
407,Grade #407
408,Grade #408
409,Grade #409
410,Grade #410
411,Grade #411
412,Grade #412
413,Grade #413
414,Grade #414
415,Grade #415
416,Grade #416
417,Grade #417
418,Grade #418
419,Grade #419
420,Grade #420
421,Grade #421
422,Grade #422
423,Grade #423
424,Grade #424
425,Grade #425
426,Grade #426
427,Grade #427
428,Grade #428
429,Grade #429
430,Grade #430
431,Grade #431
432,Grade #432
433,Grade #433
434,Grade #434
435,Grade #435
436,Grade #436
437,Grade #437
438,Grade #438
439,Grade #439
440,Grade #440
441,Grade #441
442,Grade #442
443,Grade #443
444,Grade #444
445,Grade #445
446,Grade #446
447,Grade #447
448,Grade #448
449,Grade #449
450,Grade #450
451,Grade #451
452,Grade #452
453,Grade #453
454,Grade #454
455,Grade #455
456,Grade #456
457,Grade #457
458,Grade #458
459,Grade #459
460,Grade #460
461,Grade #461
462,Grade #462
463,Grade #463
464,Grade #464
465,Grade #465
466,Grade #466
467,Grade #467
468,Grade #468
469,Grade #469
470,Grade #470
471,Grade #471
472,Grade #472
473,Grade #473
474,Grade #474
475,Grade #475
476,Grade #476
477,Grade #477
478,Grade #478
479,Grade #479
480,Grade #480
481,Grade #481
482,Grade #482
483,Grade #483
484,Grade #484
485,Grade #485
486,Grade #486
487,Grade #487
488,Grade #488
489,Grade #489
490,Grade #490
491,Grade #491
492,Grade #492
493,Grade #493
494,Grade #494
495,Grade #495
496,Grade #496
497,Grade #497
498,Grade #498
499,Grade #499
500,Grade #500
