IdRa,libelle
1,Premier rang
2,Deuxième rang
3,Troisième rang
4,Rang d'honneur
5,Rang de table
6,Rang de cérémonie
7,Rang militaire
8,Rang civil
9,Rang épiscopal
10,Rang royal
11,Rang #11
12,Rang #12
13,Rang #13
14,Rang #14
15,Rang #15
16,Rang #16
17,Rang #17
18,Rang #18
19,Rang #19
20,Rang #20
21,Rang #21
22,Rang #22
23,Rang #23
24,Rang #24
25,Rang #25
26,Rang #26
27,Rang #27
28,Rang #28
29,Rang #29
30,Rang #30
31,Rang #31
32,Rang #32
33,Rang #33
34,Rang #34
35,Rang #35
36,Rang #36
37,Rang #37
38,Rang #38
39,Rang #39
40,Rang #40
41,Rang #41
42,Rang #42
43,Rang #43
44,Rang #44
45,Rang #45
46,Rang #46
47,Rang #47
48,Rang #48
49,Rang #49
50,Rang #50
51,Rang #51
52,Rang #52
53,Rang #53
54,Rang #54
55,Rang #55
56,Rang #56
57,Rang #57
58,Rang #58
59,Rang #59
60,Rang #60
61,Rang #61
62,Rang #62
63,Rang #63
64,Rang #64
65,Rang #65
66,Rang #66
67,Rang #67
68,Rang #68
69,Rang #69
70,Rang #70
71,Rang #71
72,Rang #72
73,Rang #73
74,Rang #74
75,Rang #75
76,Rang #76
77,Rang #77
78,Rang #78
79,Rang #79
80,Rang #80
81,Rang #81
82,Rang #82
83,Rang #83
84,Rang #84
85,Rang #85
86,Rang #86
87,Rang #87
88,Rang #88
89,Rang #89
90,Rang #90
91,Rang #91
92,Rang #92
93,Rang #93
94,Rang #94
95,Rang #95
96,Rang #96
97,Rang #97
98,Rang #98
99,Rang #99
100,Rang #100
101,Rang #101
102,Rang #102
103,Rang #103
104,Rang #104
105,Rang #105
106,Rang #106
107,Rang #107
108,Rang #108
109,Rang #109
110,Rang #110
111,Rang #111
112,Rang #112
113,Rang #113
114,Rang #114
115,Rang #115
116,Rang #116
117,Rang #117
118,Rang #118
119,Rang #119
120,Rang #120
121,Rang #121
122,Rang #122
123,Rang #123
124,Rang #124
125,Rang #125
126,Rang #126
127,Rang #127
128,Rang #128
129,Rang #129
130,Rang #130
131,Rang #131
132,Rang #132
133,Rang #133
134,Rang #134
135,Rang #135
136,Rang #136
137,Rang #137
138,Rang #138
139,Rang #139
140,Rang #140
141,Rang #141
142,Rang #142
143,Rang #143
144,Rang #144
145,Rang #145
146,Rang #146
147,Rang #147
148,Rang #148
149,Rang #149
150,Rang #150
151,Rang #151
152,Rang #152
153,Rang #153
154,Rang #154
155,Rang #155
156,Rang #156
157,Rang #157
158,Rang #158
159,Rang #159
160,Rang #160
161,Rang #161
162,Rang #162
163,Rang #163
164,Rang #164
165,Rang #165
166,Rang #166
167,Rang #167
168,Rang #168
169,Rang #169
170,Rang #170
171,Rang #171
172,Rang #172
173,Rang #173
174,Rang #174
175,Rang #175
176,Rang #176
177,Rang #177
178,Rang #178
179,Rang #179
180,Rang #180
181,Rang #181
182,Rang #182
183,Rang #183
184,Rang #184
185,Rang #185
186,Rang #186
187,Rang #187
188,Rang #188
189,Rang #189
190,Rang #190
191,Rang #191
192,Rang #192
193,Rang #193
194,Rang #194
195,Rang #195
196,Rang #196
197,Rang #197
198,Rang #198
199,Rang #199
200,Rang #200
201,Rang #201
202,Rang #202
203,Rang #203
204,Rang #204
205,Rang #205
206,Rang #206
207,Rang #207
208,Rang #208
209,Rang #209
210,Rang #210
211,Rang #211
212,Rang #212
213,Rang #213
214,Rang #214
215,Rang #215
216,Rang #216
217,Rang #217
218,Rang #218
219,Rang #219
220,Rang #220
221,Rang #221
222,Rang #222
223,Rang #223
224,Rang #224
225,Rang #225
226,Rang #226
227,Rang #227
228,Rang #228
229,Rang #229
230,Rang #230
231,Rang #231
232,Rang #232
233,Rang #233
234,Rang #234
235,Rang #235
236,Rang #236
237,Rang #237
238,Rang #238
239,Rang #239
240,Rang #240
241,Rang #241
242,Rang #242
243,Rang #243
244,Rang #244
245,Rang #245
246,Rang #246
247,Rang #247
248,Rang #248
249,Rang #249
250,Rang #250
251,Rang #251
252,Rang #252
253,Rang #253
254,Rang #254
255,Rang #255
256,Rang #256
257,Rang #257
258,Rang #258
259,Rang #259
260,Rang #260
261,Rang #261
262,Rang #262
263,Rang #263
264,Rang #264
265,Rang #265
266,Rang #266
267,Rang #267
268,Rang #268
269,Rang #269
270,Rang #270
271,Rang #271
272,Rang #272
273,Rang #273
274,Rang #274
275,Rang #275
276,Rang #276
277,Rang #277
278,Rang #278
279,Rang #279
280,Rang #280
281,Rang #281
282,Rang #282
283,Rang #283
284,Rang #284
285,Rang #285
286,Rang #286
287,Rang #287
288,Rang #288
289,Rang #289
290,Rang #290
291,Rang #291
292,Rang #292
293,Rang #293
294,Rang #294
295,Rang #295
296,Rang #296
297,Rang #297
298,Rang #298
299,Rang #299
300,Rang #300
301,Rang #301
302,Rang #302
303,Rang #303
304,Rang #304
305,Rang #305
306,Rang #306
307,Rang #307
308,Rang #308
309,Rang #309
310,Rang #310
311,Rang #311
312,Rang #312
313,Rang #313
314,Rang #314
315,Rang #315
316,Rang #316
317,Rang #317
318,Rang #318
319,Rang #319
320,Rang #320
321,Rang #321
322,Rang #322
323,Rang #323
324,Rang #324
325,Rang #325
326,Rang #326
327,Rang #327
328,Rang #328
329,Rang #329
330,Rang #330
331,Rang #331
332,Rang #332
333,Rang #333
334,Rang #334
335,Rang #335
336,Rang #336
337,Rang #337
338,Rang #338
339,Rang #339
340,Rang #340
341,Rang #341
342,Rang #342
343,Rang #343
344,Rang #344
345,Rang #345
346,Rang #346
347,Rang #347
348,Rang #348
349,Rang #349
350,Rang #350
351,Rang #351
352,Rang #352
353,Rang #353
354,Rang #354
355,Rang #355
356,Rang #356
357,Rang #357
358,Rang #358
359,Rang #359
360,Rang #360
361,Rang #361
362,Rang #362
363,Rang #363
364,Rang #364
365,Rang #365
366,Rang #366
367,Rang #367
368,Rang #368
369,Rang #369
370,Rang #370
371,Rang #371
372,Rang #372
373,Rang #373
374,Rang #374
375,Rang #375
376,Rang #376
377,Rang #377
378,Rang #378
379,Rang #379
380,Rang #380
381,Rang #381
382,Rang #382
383,Rang #383
384,Rang #384
385,Rang #385
386,Rang #386
387,Rang #387
388,Rang #388
389,Rang #389
390,Rang #390
391,Rang #391
392,Rang #392
393,Rang #393
394,Rang #394
395,Rang #395
396,Rang #396
397,Rang #397
398,Rang #398
399,Rang #399
400,Rang #400
401,Rang #401
402,Rang #402
403,Rang #403
404,Rang #404
405,Rang #405
406,Rang #406
407,Rang #407
408,Rang #408
409,Rang #409
410,Rang #410
411,Rang #411
412,Rang #412
413,Rang #413
414,Rang #414
415,Rang #415
416,Rang #416
417,Rang #417
418,Rang #418
419,Rang #419
420,Rang #420
421,Rang #421
422,Rang #422
423,Rang #423
424,Rang #424
425,Rang #425
426,Rang #426
427,Rang #427
428,Rang #428
429,Rang #429
430,Rang #430
431,Rang #431
432,Rang #432
433,Rang #433
434,Rang #434
435,Rang #435
436,Rang #436
437,Rang #437
438,Rang #438
439,Rang #439
440,Rang #440
441,Rang #441
442,Rang #442
443,Rang #443
444,Rang #444
445,Rang #445
446,Rang #446
447,Rang #447
448,Rang #448
449,Rang #449
450,Rang #450
451,Rang #451
452,Rang #452
453,Rang #453
454,Rang #454
455,Rang #455
456,Rang #456
457,Rang #457
458,Rang #458
459,Rang #459
460,Rang #460
461,Rang #461
462,Rang #462
463,Rang #463
464,Rang #464
465,Rang #465
466,Rang #466
467,Rang #467
468,Rang #468
469,Rang #469
470,Rang #470
471,Rang #471
472,Rang #472
473,Rang #473
474,Rang #474
475,Rang #475
476,Rang #476
477,Rang #477
478,Rang #478
479,Rang #479
480,Rang #480
481,Rang #481
482,Rang #482
483,Rang #483
484,Rang #484
485,Rang #485
486,Rang #486
487,Rang #487
488,Rang #488
489,Rang #489
490,Rang #490
491,Rang #491
492,Rang #492
493,Rang #493
494,Rang #494
495,Rang #495
496,Rang #496
497,Rang #497
498,Rang #498
499,Rang #499
500,Rang #500
