IdTi,libelle
1,Chevalier
2,Dame
3,Ecuyer
4,Damoiselle
5,Banneret
6,Bachelier
7,Paladin
8,Preux
9,Prude Femme
10,Vassal
11,Titre #11
12,Titre #12
13,Titre #13
14,Titre #14
15,Titre #15
16,Titre #16
17,Titre #17
18,Titre #18
19,Titre #19
20,Titre #20
21,Titre #21
22,Titre #22
23,Titre #23
24,Titre #24
25,Titre #25
26,Titre #26
27,Titre #27
28,Titre #28
29,Titre #29
30,Titre #30
31,Titre #31
32,Titre #32
33,Titre #33
34,Titre #34
35,Titre #35
36,Titre #36
37,Titre #37
38,Titre #38
39,Titre #39
40,Titre #40
41,Titre #41
42,Titre #42
43,Titre #43
44,Titre #44
45,Titre #45
46,Titre #46
47,Titre #47
48,Titre #48
49,Titre #49
50,Titre #50
51,Titre #51
52,Titre #52
53,Titre #53
54,Titre #54
55,Titre #55
56,Titre #56
57,Titre #57
58,Titre #58
59,Titre #59
60,Titre #60
61,Titre #61
62,Titre #62
63,Titre #63
64,Titre #64
65,Titre #65
66,Titre #66
67,Titre #67
68,Titre #68
69,Titre #69
70,Titre #70
71,Titre #71
72,Titre #72
73,Titre #73
74,Titre #74
75,Titre #75
76,Titre #76
77,Titre #77
78,Titre #78
79,Titre #79
80,Titre #80
81,Titre #81
82,Titre #82
83,Titre #83
84,Titre #84
85,Titre #85
86,Titre #86
87,Titre #87
88,Titre #88
89,Titre #89
90,Titre #90
91,Titre #91
92,Titre #92
93,Titre #93
94,Titre #94
95,Titre #95
96,Titre #96
97,Titre #97
98,Titre #98
99,Titre #99
100,Titre #100
101,Titre #101
102,Titre #102
103,Titre #103
104,Titre #104
105,Titre #105
106,Titre #106
107,Titre #107
108,Titre #108
109,Titre #109
110,Titre #110
111,Titre #111
112,Titre #112
113,Titre #113
114,Titre #114
115,Titre #115
116,Titre #116
117,Titre #117
118,Titre #118
119,Titre #119
120,Titre #120
121,Titre #121
122,Titre #122
123,Titre #123
124,Titre #124
125,Titre #125
126,Titre #126
127,Titre #127
128,Titre #128
129,Titre #129
130,Titre #130
131,Titre #131
132,Titre #132
133,Titre #133
134,Titre #134
135,Titre #135
136,Titre #136
137,Titre #137
138,Titre #138
139,Titre #139
140,Titre #140
141,Titre #141
142,Titre #142
143,Titre #143
144,Titre #144
145,Titre #145
146,Titre #146
147,Titre #147
148,Titre #148
149,Titre #149
150,Titre #150
151,Titre #151
152,Titre #152
153,Titre #153
154,Titre #154
155,Titre #155
156,Titre #156
157,Titre #157
158,Titre #158
159,Titre #159
160,Titre #160
161,Titre #161
162,Titre #162
163,Titre #163
164,Titre #164
165,Titre #165
166,Titre #166
167,Titre #167
168,Titre #168
169,Titre #169
170,Titre #170
171,Titre #171
172,Titre #172
173,Titre #173
174,Titre #174
175,Titre #175
176,Titre #176
177,Titre #177
178,Titre #178
179,Titre #179
180,Titre #180
181,Titre #181
182,Titre #182
183,Titre #183
184,Titre #184
185,Titre #185
186,Titre #186
187,Titre #187
188,Titre #188
189,Titre #189
190,Titre #190
191,Titre #191
192,Titre #192
193,Titre #193
194,Titre #194
195,Titre #195
196,Titre #196
197,Titre #197
198,Titre #198
199,Titre #199
200,Titre #200
201,Titre #201
202,Titre #202
203,Titre #203
204,Titre #204
205,Titre #205
206,Titre #206
207,Titre #207
208,Titre #208
209,Titre #209
210,Titre #210
211,Titre #211
212,Titre #212
213,Titre #213
214,Titre #214
215,Titre #215
216,Titre #216
217,Titre #217
218,Titre #218
219,Titre #219
220,Titre #220
221,Titre #221
222,Titre #222
223,Titre #223
224,Titre #224
225,Titre #225
226,Titre #226
227,Titre #227
228,Titre #228
229,Titre #229
230,Titre #230
231,Titre #231
232,Titre #232
233,Titre #233
234,Titre #234
235,Titre #235
236,Titre #236
237,Titre #237
238,Titre #238
239,Titre #239
240,Titre #240
241,Titre #241
242,Titre #242
243,Titre #243
244,Titre #244
245,Titre #245
246,Titre #246
247,Titre #247
248,Titre #248
249,Titre #249
250,Titre #250
251,Titre #251
252,Titre #252
253,Titre #253
254,Titre #254
255,Titre #255
256,Titre #256
257,Titre #257
258,Titre #258
259,Titre #259
260,Titre #260
261,Titre #261
262,Titre #262
263,Titre #263
264,Titre #264
265,Titre #265
266,Titre #266
267,Titre #267
268,Titre #268
269,Titre #269
270,Titre #270
271,Titre #271
272,Titre #272
273,Titre #273
274,Titre #274
275,Titre #275
276,Titre #276
277,Titre #277
278,Titre #278
279,Titre #279
280,Titre #280
281,Titre #281
282,Titre #282
283,Titre #283
284,Titre #284
285,Titre #285
286,Titre #286
287,Titre #287
288,Titre #288
289,Titre #289
290,Titre #290
291,Titre #291
292,Titre #292
293,Titre #293
294,Titre #294
295,Titre #295
296,Titre #296
297,Titre #297
298,Titre #298
299,Titre #299
300,Titre #300
301,Titre #301
302,Titre #302
303,Titre #303
304,Titre #304
305,Titre #305
306,Titre #306
307,Titre #307
308,Titre #308
309,Titre #309
310,Titre #310
311,Titre #311
312,Titre #312
313,Titre #313
314,Titre #314
315,Titre #315
316,Titre #316
317,Titre #317
318,Titre #318
319,Titre #319
320,Titre #320
321,Titre #321
322,Titre #322
323,Titre #323
324,Titre #324
325,Titre #325
326,Titre #326
327,Titre #327
328,Titre #328
329,Titre #329
330,Titre #330
331,Titre #331
332,Titre #332
333,Titre #333
334,Titre #334
335,Titre #335
336,Titre #336
337,Titre #337
338,Titre #338
339,Titre #339
340,Titre #340
341,Titre #341
342,Titre #342
343,Titre #343
344,Titre #344
345,Titre #345
346,Titre #346
347,Titre #347
348,Titre #348
349,Titre #349
350,Titre #350
351,Titre #351
352,Titre #352
353,Titre #353
354,Titre #354
355,Titre #355
356,Titre #356
357,Titre #357
358,Titre #358
359,Titre #359
360,Titre #360
361,Titre #361
362,Titre #362
363,Titre #363
364,Titre #364
365,Titre #365
366,Titre #366
367,Titre #367
368,Titre #368
369,Titre #369
370,Titre #370
371,Titre #371
372,Titre #372
373,Titre #373
374,Titre #374
375,Titre #375
376,Titre #376
377,Titre #377
378,Titre #378
379,Titre #379
380,Titre #380
381,Titre #381
382,Titre #382
383,Titre #383
384,Titre #384
385,Titre #385
386,Titre #386
387,Titre #387
388,Titre #388
389,Titre #389
390,Titre #390
391,Titre #391
392,Titre #392
393,Titre #393
394,Titre #394
395,Titre #395
396,Titre #396
397,Titre #397
398,Titre #398
399,Titre #399
400,Titre #400
401,Titre #401
402,Titre #402
403,Titre #403
404,Titre #404
405,Titre #405
406,Titre #406
407,Titre #407
408,Titre #408
409,Titre #409
410,Titre #410
411,Titre #411
412,Titre #412
413,Titre #413
414,Titre #414
415,Titre #415
416,Titre #416
417,Titre #417
418,Titre #418
419,Titre #419
420,Titre #420
421,Titre #421
422,Titre #422
423,Titre #423
424,Titre #424
425,Titre #425
426,Titre #426
427,Titre #427
428,Titre #428
429,Titre #429
430,Titre #430
431,Titre #431
432,Titre #432
433,Titre #433
434,Titre #434
435,Titre #435
436,Titre #436
437,Titre #437
438,Titre #438
439,Titre #439
440,Titre #440
441,Titre #441
442,Titre #442
443,Titre #443
444,Titre #444
445,Titre #445
446,Titre #446
447,Titre #447
448,Titre #448
449,Titre #449
450,Titre #450
451,Titre #451
452,Titre #452
453,Titre #453
454,Titre #454
455,Titre #455
456,Titre #456
457,Titre #457
458,Titre #458
459,Titre #459
460,Titre #460
461,Titre #461
462,Titre #462
463,Titre #463
464,Titre #464
465,Titre #465
466,Titre #466
467,Titre #467
468,Titre #468
469,Titre #469
470,Titre #470
471,Titre #471
472,Titre #472
473,Titre #473
474,Titre #474
475,Titre #475
476,Titre #476
477,Titre #477
478,Titre #478
479,Titre #479
480,Titre #480
481,Titre #481
482,Titre #482
483,Titre #483
484,Titre #484
485,Titre #485
486,Titre #486
487,Titre #487
488,Titre #488
489,Titre #489
490,Titre #490
491,Titre #491
492,Titre #492
493,Titre #493
494,Titre #494
495,Titre #495
496,Titre #496
497,Titre #497
498,Titre #498
499,Titre #499
500,Titre #500
