IdM,nom
1,Broyeur-767
2,Malaxeur-977
3,Fraiseuse-219
4,Étuve-920
5,Robot-323
6,Robot-536
7,Robot-225
8,Convoyeur-273
9,Presse-582
10,Convoyeur-924
11,Centrifugeuse-229
12,Presse-813
13,Malaxeur-768
14,Broyeur-801
15,Broyeur-432
16,Convoyeur-893
17,Centrifugeuse-650
18,Presse-165
19,Tour-767
20,Fraiseuse-668
21,Étuve-399
22,Étuve-948
23,Fraiseuse-500
24,Perceuse-614
25,Broyeur-155
26,Centrifugeuse-416
27,Fraiseuse-466
28,Presse-442
29,Broyeur-413
30,Presse-520
31,Broyeur-935
32,Malaxeur-773
33,Broyeur-681
34,Convoyeur-672
35,Robot-474
36,Broyeur-455
37,Robot-888
38,Fraiseuse-588
39,Malaxeur-619
40,Centrifugeuse-195
41,Étuve-223
42,Étuve-184
43,Convoyeur-713
44,Malaxeur-654
45,Fraiseuse-343
46,Robot-523
47,Presse-305
48,Centrifugeuse-548
49,Broyeur-756
50,Convoyeur-550
51,Presse-491
52,Presse-741
53,Fraiseuse-646
54,Convoyeur-653
55,Tour-530
56,Broyeur-208
57,Malaxeur-526
58,Convoyeur-715
59,Presse-255
60,Tour-560
61,Broyeur-471
62,Étuve-230
63,Malaxeur-135
64,Fraiseuse-541
65,Malaxeur-775
66,Tour-372
67,Fraiseuse-866
68,Étuve-460
69,Perceuse-732
70,Broyeur-243
71,Convoyeur-487
72,Malaxeur-816
73,Fraiseuse-609
74,Broyeur-959
75,Centrifugeuse-866
76,Malaxeur-570
77,Malaxeur-816
78,Fraiseuse-915
79,Centrifugeuse-365
80,Malaxeur-854
81,Broyeur-420
82,Convoyeur-538
83,Étuve-324
84,Malaxeur-688
85,Broyeur-358
86,Centrifugeuse-392
87,Convoyeur-889
88,Convoyeur-426
89,Tour-234
90,Tour-646
91,Étuve-582
92,Centrifugeuse-214
93,Robot-592
94,Fraiseuse-599
95,Robot-447
96,Broyeur-323
97,Broyeur-172
98,Fraiseuse-179
99,Presse-119
100,Malaxeur-367
101,Broyeur-704
102,Presse-682
103,Centrifugeuse-747
104,Presse-573
105,Fraiseuse-757
106,Tour-811
107,Presse-425
108,Étuve-577
109,Étuve-236
110,Perceuse-745
111,Broyeur-863
112,Robot-871
113,Perceuse-533
114,Robot-149
115,Perceuse-122
116,Presse-784
117,Presse-443
118,Malaxeur-700
119,Convoyeur-536
120,Broyeur-148
121,Broyeur-996
122,Perceuse-524
123,Presse-336
124,Tour-613
125,Malaxeur-444
126,Centrifugeuse-158
127,Broyeur-130
128,Centrifugeuse-373
129,Fraiseuse-314
130,Presse-625
131,Perceuse-917
132,Presse-456
133,Convoyeur-585
134,Fraiseuse-764
135,Perceuse-865
136,Tour-911
137,Broyeur-473
138,Centrifugeuse-845
139,Centrifugeuse-354
140,Presse-364
141,Convoyeur-204
142,Presse-766
143,Étuve-222
144,Malaxeur-861
145,Centrifugeuse-145
146,Tour-945
147,Perceuse-397
148,Broyeur-311
149,Convoyeur-882
150,Convoyeur-103
151,Tour-629
152,Malaxeur-544
153,Tour-379
154,Étuve-799
155,Broyeur-521
156,Perceuse-909
157,Centrifugeuse-736
158,Centrifugeuse-558
159,Presse-240
160,Presse-355
161,Convoyeur-869
162,Broyeur-754
163,Malaxeur-197
164,Étuve-169
165,Robot-336
166,Tour-952
167,Broyeur-397
168,Perceuse-899
169,Perceuse-752
170,Fraiseuse-230
171,Presse-545
172,Presse-594
173,Perceuse-605
174,Perceuse-297
175,Malaxeur-842
176,Robot-821
177,Fraiseuse-144
178,Étuve-886
179,Broyeur-661
180,Centrifugeuse-195
181,Presse-763
182,Étuve-120
183,Malaxeur-218
184,Perceuse-604
185,Broyeur-915
186,Broyeur-883
187,Broyeur-422
188,Étuve-643
189,Convoyeur-307
190,Robot-828
191,Broyeur-115
192,Étuve-584
193,Perceuse-180
194,Robot-867
195,Perceuse-927
196,Robot-248
197,Presse-691
198,Fraiseuse-410
199,Tour-416
200,Fraiseuse-578
201,Robot-327
202,Broyeur-116
203,Tour-858
204,Fraiseuse-986
205,Perceuse-210
206,Malaxeur-590
207,Malaxeur-217
208,Convoyeur-789
209,Perceuse-231
210,Perceuse-764
211,Robot-649
212,Presse-952
213,Fraiseuse-823
214,Tour-104
215,Convoyeur-778
216,Tour-144
217,Presse-844
218,Presse-842
219,Robot-326
220,Fraiseuse-443
221,Centrifugeuse-805
222,Broyeur-972
223,Convoyeur-720
224,Tour-191
225,Broyeur-338
226,Tour-243
227,Presse-195
228,Fraiseuse-558
229,Broyeur-492
230,Robot-449
231,Centrifugeuse-740
232,Étuve-705
233,Tour-815
234,Presse-717
235,Étuve-349
236,Tour-548
237,Perceuse-963
238,Perceuse-451
239,Convoyeur-441
240,Perceuse-360
241,Robot-912
242,Perceuse-312
243,Malaxeur-176
244,Broyeur-458
245,Robot-663
246,Étuve-818
247,Étuve-633
248,Presse-561
249,Tour-205
250,Tour-914
251,Presse-483
252,Malaxeur-864
253,Presse-716
254,Convoyeur-310
255,Fraiseuse-274
256,Centrifugeuse-504
257,Presse-245
258,Presse-796
259,Convoyeur-869
260,Étuve-463
261,Tour-829
262,Presse-957
263,Broyeur-307
264,Malaxeur-566
265,Perceuse-339
266,Centrifugeuse-134
267,Broyeur-210
268,Perceuse-927
269,Malaxeur-163
270,Presse-844
271,Broyeur-769
272,Malaxeur-324
273,Malaxeur-627
274,Robot-214
275,Étuve-545
276,Perceuse-861
277,Presse-212
278,Fraiseuse-616
279,Malaxeur-766
280,Presse-728
281,Presse-392
282,Fraiseuse-464
283,Broyeur-682
284,Fraiseuse-899
285,Centrifugeuse-788
286,Perceuse-286
287,Étuve-961
288,Centrifugeuse-169
289,Perceuse-263
290,Robot-479
291,Presse-801
292,Convoyeur-589
293,Broyeur-795
294,Presse-994
295,Fraiseuse-902
296,Malaxeur-579
297,Fraiseuse-445
298,Centrifugeuse-382
299,Perceuse-965
300,Broyeur-163
301,Étuve-447
302,Broyeur-592
303,Convoyeur-532
304,Malaxeur-810
305,Étuve-271
306,Centrifugeuse-286
307,Robot-134
308,Fraiseuse-329
309,Robot-886
310,Presse-196
311,Robot-683
312,Fraiseuse-569
313,Malaxeur-664
314,Fraiseuse-178
315,Perceuse-674
316,Broyeur-461
317,Fraiseuse-912
318,Malaxeur-994
319,Perceuse-585
320,Presse-589
321,Centrifugeuse-501
322,Malaxeur-947
323,Étuve-820
324,Broyeur-511
325,Centrifugeuse-174
326,Presse-185
327,Tour-364
328,Perceuse-328
329,Robot-452
330,Convoyeur-811
331,Malaxeur-805
332,Perceuse-357
333,Perceuse-619
334,Centrifugeuse-816
335,Robot-874
336,Convoyeur-969
337,Fraiseuse-928
338,Perceuse-880
339,Broyeur-220
340,Perceuse-483
341,Malaxeur-235
342,Étuve-250
343,Presse-485
344,Tour-868
345,Robot-120
346,Fraiseuse-206
347,Robot-932
348,Robot-379
349,Presse-821
350,Étuve-342
351,Convoyeur-846
352,Presse-169
353,Convoyeur-850
354,Presse-147
355,Robot-371
356,Tour-410
357,Robot-268
358,Broyeur-327
359,Étuve-111
360,Centrifugeuse-502
361,Presse-291
362,Robot-708
363,Robot-425
364,Tour-924
365,Robot-128
366,Tour-538
367,Malaxeur-407
368,Centrifugeuse-631
369,Convoyeur-348
370,Centrifugeuse-237
371,Étuve-291
372,Presse-550
373,Fraiseuse-577
374,Tour-326
375,Presse-308
376,Centrifugeuse-666
377,Centrifugeuse-519
378,Perceuse-148
379,Convoyeur-700
380,Fraiseuse-248
381,Broyeur-518
382,Centrifugeuse-623
383,Broyeur-492
384,Étuve-658
385,Malaxeur-409
386,Presse-723
387,Étuve-918
388,Convoyeur-734
389,Étuve-507
390,Convoyeur-686
391,Convoyeur-114
392,Broyeur-494
393,Malaxeur-695
394,Robot-741
395,Perceuse-839
396,Centrifugeuse-737
397,Malaxeur-751
398,Presse-506
399,Robot-842
400,Convoyeur-204
401,Centrifugeuse-991
402,Étuve-721
403,Fraiseuse-206
404,Fraiseuse-263
405,Fraiseuse-512
406,Fraiseuse-261
407,Malaxeur-396
408,Robot-274
409,Robot-844
410,Centrifugeuse-506
411,Perceuse-663
412,Étuve-922
413,Perceuse-438
414,Presse-405
415,Perceuse-542
416,Robot-295
417,Tour-384
418,Presse-817
419,Étuve-915
420,Centrifugeuse-316
421,Convoyeur-440
422,Robot-484
423,Tour-902
424,Tour-447
425,Malaxeur-692
426,Convoyeur-755
427,Étuve-342
428,Robot-468
429,Robot-632
430,Robot-297
431,Fraiseuse-169
432,Fraiseuse-321
433,Robot-665
434,Malaxeur-145
435,Fraiseuse-969
436,Centrifugeuse-610
437,Étuve-275
438,Malaxeur-768
439,Robot-451
440,Centrifugeuse-988
441,Étuve-167
442,Presse-535
443,Fraiseuse-205
444,Fraiseuse-222
445,Convoyeur-163
446,Tour-488
447,Étuve-643
448,Étuve-181
449,Robot-262
450,Presse-714
451,Fraiseuse-861
452,Perceuse-167
453,Tour-319
454,Robot-812
455,Centrifugeuse-813
456,Convoyeur-473
457,Perceuse-831
458,Tour-553
459,Fraiseuse-196
460,Robot-756
461,Convoyeur-731
462,Perceuse-774
463,Centrifugeuse-694
464,Malaxeur-651
465,Presse-685
466,Centrifugeuse-457
467,Malaxeur-896
468,Presse-838
469,Robot-955
470,Centrifugeuse-505
471,Robot-175
472,Fraiseuse-315
473,Presse-578
474,Broyeur-770
475,Presse-538
476,Robot-595
477,Convoyeur-671
478,Malaxeur-633
479,Presse-638
480,Centrifugeuse-561
481,Convoyeur-617
482,Tour-439
483,Convoyeur-511
484,Étuve-875
485,Tour-376
486,Centrifugeuse-564
487,Robot-425
488,Malaxeur-998
489,Robot-158
490,Perceuse-521
491,Perceuse-349
492,Robot-548
493,Étuve-630
494,Étuve-519
495,Tour-349
496,Centrifugeuse-198
497,Convoyeur-248
498,Convoyeur-834
499,Convoyeur-463
500,Fraiseuse-574
501,Fraiseuse-673
502,Presse-923
503,Tour-261
504,Tour-382
505,Fraiseuse-540
506,Robot-950
507,Presse-882
508,Convoyeur-166
509,Malaxeur-915
510,Centrifugeuse-934
511,Fraiseuse-585
512,Perceuse-462
513,Broyeur-156
514,Robot-824
515,Robot-426
516,Malaxeur-141
517,Étuve-439
518,Malaxeur-610
519,Centrifugeuse-898
520,Robot-696
521,Robot-624
522,Fraiseuse-817
523,Étuve-775
524,Presse-565
525,Centrifugeuse-353
526,Perceuse-832
527,Perceuse-869
528,Tour-542
529,Convoyeur-603
530,Presse-618
531,Convoyeur-474
532,Tour-206
533,Robot-478
534,Convoyeur-832
535,Tour-487
536,Robot-429
537,Étuve-838
538,Fraiseuse-892
539,Tour-201
540,Centrifugeuse-365
541,Centrifugeuse-309
542,Broyeur-660
543,Centrifugeuse-226
544,Convoyeur-840
545,Malaxeur-246
546,Malaxeur-299
547,Perceuse-377
548,Centrifugeuse-113
549,Perceuse-533
550,Perceuse-370
551,Broyeur-970
552,Malaxeur-655
553,Malaxeur-791
554,Presse-630
555,Malaxeur-767
556,Malaxeur-820
557,Étuve-365
558,Centrifugeuse-682
559,Perceuse-958
560,Broyeur-875
561,Broyeur-999
562,Convoyeur-799
563,Convoyeur-101
564,Centrifugeuse-277
565,Fraiseuse-456
566,Broyeur-845
567,Fraiseuse-126
568,Étuve-190
569,Fraiseuse-766
570,Perceuse-360
571,Presse-893
572,Malaxeur-243
573,Robot-885
574,Perceuse-649
575,Malaxeur-342
576,Tour-361
577,Étuve-960
578,Presse-799
579,Broyeur-625
580,Robot-395
581,Malaxeur-565
582,Presse-297
583,Malaxeur-132
584,Fraiseuse-505
585,Étuve-808
586,Étuve-509
587,Fraiseuse-876
588,Étuve-692
589,Presse-786
590,Broyeur-461
591,Perceuse-729
592,Convoyeur-933
593,Broyeur-256
594,Convoyeur-986
595,Centrifugeuse-689
596,Centrifugeuse-557
597,Presse-542
598,Broyeur-135
599,Fraiseuse-332
600,Perceuse-187
601,Fraiseuse-282
602,Étuve-399
603,Fraiseuse-106
604,Broyeur-103
605,Robot-327
606,Convoyeur-491
607,Malaxeur-176
608,Tour-387
609,Fraiseuse-437
610,Presse-750
611,Malaxeur-195
612,Fraiseuse-192
613,Centrifugeuse-665
614,Convoyeur-819
615,Presse-414
616,Robot-394
617,Presse-480
618,Malaxeur-305
619,Perceuse-654
620,Presse-924
621,Presse-119
622,Tour-259
623,Robot-803
624,Étuve-768
625,Centrifugeuse-314
626,Centrifugeuse-566
627,Fraiseuse-383
628,Broyeur-706
629,Robot-777
630,Malaxeur-499
631,Convoyeur-690
632,Étuve-934
633,Convoyeur-642
634,Centrifugeuse-885
635,Fraiseuse-883
636,Malaxeur-495
637,Broyeur-861
638,Étuve-679
639,Étuve-946
640,Étuve-156
641,Broyeur-231
642,Robot-436
643,Convoyeur-463
644,Malaxeur-264
645,Fraiseuse-457
646,Centrifugeuse-542
647,Tour-473
648,Convoyeur-863
649,Robot-192
650,Convoyeur-459
651,Broyeur-551
652,Perceuse-380
653,Broyeur-562
654,Broyeur-877
655,Étuve-267
656,Convoyeur-279
657,Presse-639
658,Étuve-989
659,Tour-879
660,Tour-850
661,Étuve-784
662,Malaxeur-796
663,Centrifugeuse-142
664,Fraiseuse-558
665,Convoyeur-831
666,Convoyeur-868
667,Étuve-477
668,Centrifugeuse-277
669,Convoyeur-676
670,Robot-357
671,Convoyeur-330
672,Centrifugeuse-360
673,Centrifugeuse-701
674,Malaxeur-172
675,Presse-736
676,Tour-451
677,Malaxeur-857
678,Tour-494
679,Presse-132
680,Centrifugeuse-380
681,Tour-346
682,Malaxeur-471
683,Convoyeur-338
684,Centrifugeuse-700
685,Fraiseuse-211
686,Robot-879
687,Perceuse-923
688,Fraiseuse-886
689,Centrifugeuse-771
690,Centrifugeuse-342
691,Presse-387
692,Broyeur-352
693,Tour-357
694,Presse-697
695,Fraiseuse-926
696,Presse-349
697,Perceuse-921
698,Tour-670
699,Robot-966
700,Perceuse-699
701,Perceuse-123
702,Broyeur-467
703,Broyeur-351
704,Broyeur-808
705,Malaxeur-449
706,Tour-237
707,Centrifugeuse-153
708,Broyeur-991
709,Presse-135
710,Presse-797
711,Perceuse-485
712,Broyeur-791
713,Perceuse-583
714,Robot-960
715,Malaxeur-494
716,Fraiseuse-727
717,Tour-825
718,Presse-352
719,Centrifugeuse-646
720,Convoyeur-949
721,Broyeur-724
722,Robot-786
723,Malaxeur-854
724,Fraiseuse-722
725,Broyeur-583
726,Tour-449
727,Centrifugeuse-279
728,Fraiseuse-834
729,Robot-539
730,Broyeur-889
731,Étuve-495
732,Centrifugeuse-968
733,Étuve-551
734,Broyeur-118
735,Centrifugeuse-392
736,Étuve-487
737,Broyeur-432
738,Perceuse-156
739,Robot-450
740,Convoyeur-976
741,Centrifugeuse-543
742,Robot-541
743,Malaxeur-880
744,Robot-689
745,Tour-145
746,Malaxeur-939
747,Centrifugeuse-756
748,Fraiseuse-773
749,Convoyeur-213
750,Fraiseuse-102
751,Presse-717
752,Centrifugeuse-821
753,Presse-540
754,Robot-951
755,Perceuse-655
756,Étuve-629
757,Convoyeur-190
758,Robot-384
759,Presse-274
760,Centrifugeuse-454
761,Perceuse-565
762,Centrifugeuse-880
763,Tour-271
764,Tour-582
765,Robot-871
766,Étuve-812
767,Malaxeur-547
768,Malaxeur-126
769,Fraiseuse-576
770,Broyeur-100
771,Centrifugeuse-563
772,Perceuse-886
773,Centrifugeuse-628
774,Malaxeur-156
775,Tour-417
776,Malaxeur-632
777,Tour-846
778,Tour-286
779,Centrifugeuse-397
780,Broyeur-725
781,Convoyeur-295
782,Robot-778
783,Perceuse-188
784,Perceuse-357
785,Malaxeur-652
786,Perceuse-929
787,Malaxeur-676
788,Étuve-441
789,Perceuse-274
790,Étuve-982
791,Tour-204
792,Convoyeur-732
793,Fraiseuse-142
794,Malaxeur-378
795,Convoyeur-725
796,Tour-603
797,Centrifugeuse-948
798,Centrifugeuse-683
799,Broyeur-348
800,Tour-451
801,Fraiseuse-942
802,Étuve-780
803,Perceuse-171
804,Perceuse-663
805,Robot-686
806,Centrifugeuse-223
807,Fraiseuse-470
808,Presse-813
809,Fraiseuse-202
810,Convoyeur-812
811,Malaxeur-185
812,Broyeur-563
813,Perceuse-834
814,Robot-513
815,Perceuse-467
816,Étuve-498
817,Perceuse-447
818,Perceuse-901
819,Tour-109
820,Étuve-747
821,Centrifugeuse-135
822,Centrifugeuse-861
823,Étuve-576
824,Tour-631
825,Malaxeur-109
826,Tour-313
827,Robot-438
828,Centrifugeuse-789
829,Convoyeur-355
830,Robot-373
831,Presse-790
832,Presse-428
833,Fraiseuse-754
834,Tour-433
835,Robot-780
836,Perceuse-856
837,Presse-773
838,Tour-207
839,Centrifugeuse-417
840,Presse-602
841,Perceuse-206
842,Étuve-425
843,Malaxeur-763
844,Presse-844
845,Fraiseuse-261
846,Malaxeur-934
847,Malaxeur-589
848,Robot-785
849,Robot-688
850,Presse-319
851,Perceuse-739
852,Presse-202
853,Fraiseuse-501
854,Malaxeur-980
855,Presse-193
856,Fraiseuse-436
857,Convoyeur-818
858,Centrifugeuse-693
859,Presse-598
860,Presse-712
861,Robot-687
862,Robot-418
863,Broyeur-469
864,Malaxeur-843
865,Convoyeur-737
866,Étuve-398
867,Tour-224
868,Centrifugeuse-551
869,Broyeur-233
870,Malaxeur-407
871,Fraiseuse-510
872,Centrifugeuse-608
873,Presse-599
874,Perceuse-764
875,Fraiseuse-124
876,Convoyeur-575
877,Centrifugeuse-638
878,Convoyeur-614
879,Centrifugeuse-628
880,Perceuse-663
881,Presse-168
882,Broyeur-271
883,Malaxeur-321
884,Broyeur-454
885,Malaxeur-364
886,Malaxeur-436
887,Presse-545
888,Perceuse-108
889,Centrifugeuse-255
890,Perceuse-142
891,Malaxeur-411
892,Tour-386
893,Robot-199
894,Convoyeur-359
895,Centrifugeuse-128
896,Malaxeur-600
897,Convoyeur-623
898,Robot-897
899,Robot-196
900,Broyeur-999
901,Tour-639
902,Étuve-875
903,Centrifugeuse-745
904,Broyeur-380
905,Malaxeur-506
906,Robot-220
907,Fraiseuse-935
908,Malaxeur-817
909,Fraiseuse-784
910,Fraiseuse-835
911,Centrifugeuse-960
912,Broyeur-705
913,Convoyeur-911
914,Presse-338
915,Perceuse-275
916,Perceuse-922
917,Tour-468
918,Malaxeur-671
919,Robot-360
920,Étuve-298
921,Fraiseuse-394
922,Fraiseuse-887
923,Tour-891
924,Robot-792
925,Malaxeur-274
926,Fraiseuse-938
927,Convoyeur-280
928,Broyeur-523
929,Perceuse-947
930,Robot-134
931,Tour-770
932,Broyeur-186
933,Presse-753
934,Broyeur-237
935,Perceuse-800
936,Tour-315
937,Convoyeur-515
938,Broyeur-760
939,Robot-183
940,Convoyeur-447
941,Perceuse-461
942,Presse-955
943,Robot-143
944,Convoyeur-120
945,Convoyeur-246
946,Centrifugeuse-593
947,Robot-313
948,Tour-392
949,Convoyeur-145
950,Convoyeur-735
951,Robot-281
952,Presse-891
953,Broyeur-280
954,Perceuse-964
955,Broyeur-777
956,Centrifugeuse-525
957,Malaxeur-570
958,Presse-567
959,Perceuse-411
960,Presse-687
961,Robot-636
962,Robot-721
963,Malaxeur-368
964,Perceuse-442
965,Tour-126
966,Tour-205
967,Presse-236
968,Perceuse-845
969,Tour-335
970,Tour-308
971,Robot-377
972,Fraiseuse-705
973,Convoyeur-399
974,Centrifugeuse-315
975,Presse-798
976,Tour-811
977,Malaxeur-215
978,Étuve-224
979,Tour-420
980,Tour-371
981,Malaxeur-513
982,Étuve-321
983,Perceuse-746
984,Presse-268
985,Robot-397
986,Tour-105
987,Convoyeur-452
988,Broyeur-141
989,Étuve-996
990,Malaxeur-730
991,Malaxeur-107
992,Broyeur-936
993,Centrifugeuse-696
994,Robot-838
995,Presse-617
996,Convoyeur-470
997,Centrifugeuse-186
998,Perceuse-283
999,Convoyeur-954
1000,Centrifugeuse-531
1001,Presse-551
1002,Broyeur-389
1003,Presse-266
1004,Robot-120
1005,Robot-801
1006,Broyeur-798
1007,Convoyeur-228
1008,Étuve-984
1009,Étuve-763
1010,Presse-681
1011,Centrifugeuse-839
1012,Presse-642
1013,Fraiseuse-931
1014,Robot-714
1015,Presse-957
1016,Tour-809
1017,Tour-897
1018,Convoyeur-483
1019,Presse-352
1020,Convoyeur-929
1021,Malaxeur-606
1022,Convoyeur-592
1023,Broyeur-563
1024,Fraiseuse-302
1025,Tour-980
1026,Broyeur-399
1027,Fraiseuse-566
1028,Fraiseuse-203
1029,Convoyeur-132
1030,Tour-365
1031,Fraiseuse-853
1032,Malaxeur-299
1033,Tour-139
1034,Presse-407
1035,Broyeur-891
1036,Perceuse-876
1037,Perceuse-676
1038,Convoyeur-147
1039,Étuve-601
1040,Broyeur-339
1041,Fraiseuse-551
1042,Robot-536
1043,Tour-709
1044,Robot-817
1045,Broyeur-242
1046,Robot-426
1047,Robot-548
1048,Perceuse-567
1049,Tour-103
1050,Fraiseuse-435
1051,Étuve-463
1052,Tour-324
1053,Robot-263
1054,Perceuse-904
1055,Étuve-261
1056,Étuve-263
1057,Tour-973
1058,Centrifugeuse-722
1059,Perceuse-927
1060,Broyeur-585
1061,Fraiseuse-820
1062,Tour-347
1063,Robot-196
1064,Perceuse-735
1065,Broyeur-711
1066,Malaxeur-320
1067,Malaxeur-975
1068,Fraiseuse-339
1069,Centrifugeuse-948
1070,Centrifugeuse-340
1071,Robot-797
1072,Étuve-638
1073,Convoyeur-745
1074,Étuve-282
1075,Tour-879
1076,Centrifugeuse-789
1077,Malaxeur-187
1078,Malaxeur-641
1079,Broyeur-982
1080,Convoyeur-789
1081,Perceuse-645
1082,Presse-401
1083,Perceuse-489
1084,Malaxeur-986
1085,Tour-515
1086,Étuve-969
1087,Tour-316
1088,Convoyeur-411
1089,Étuve-837
1090,Perceuse-904
1091,Broyeur-271
1092,Presse-434
1093,Perceuse-380
1094,Broyeur-852
1095,Malaxeur-348
1096,Fraiseuse-745
1097,Étuve-908
1098,Malaxeur-119
1099,Malaxeur-551
1100,Convoyeur-609
1101,Étuve-828
1102,Centrifugeuse-757
1103,Presse-897
1104,Convoyeur-567
1105,Centrifugeuse-838
1106,Presse-374
1107,Convoyeur-839
1108,Tour-915
1109,Malaxeur-852
1110,Perceuse-777
1111,Fraiseuse-151
1112,Tour-356
1113,Fraiseuse-160
1114,Étuve-264
1115,Broyeur-818
1116,Broyeur-377
1117,Convoyeur-183
1118,Perceuse-391
1119,Tour-748
1120,Presse-664
1121,Perceuse-207
1122,Fraiseuse-243
1123,Perceuse-387
1124,Fraiseuse-789
1125,Convoyeur-536
1126,Robot-827
1127,Fraiseuse-504
1128,Robot-518
1129,Centrifugeuse-453
1130,Perceuse-618
1131,Étuve-898
1132,Centrifugeuse-664
1133,Robot-662
1134,Malaxeur-828
1135,Malaxeur-379
1136,Perceuse-229
1137,Broyeur-625
1138,Tour-366
1139,Centrifugeuse-466
1140,Malaxeur-155
1141,Perceuse-731
1142,Presse-904
1143,Robot-526
1144,Broyeur-464
1145,Perceuse-191
1146,Perceuse-629
1147,Malaxeur-409
1148,Presse-162
1149,Étuve-593
1150,Tour-634
1151,Broyeur-395
1152,Fraiseuse-787
1153,Centrifugeuse-313
1154,Convoyeur-369
1155,Robot-809
1156,Tour-553
1157,Étuve-473
1158,Broyeur-936
1159,Presse-242
1160,Broyeur-107
1161,Centrifugeuse-684
1162,Centrifugeuse-790
1163,Robot-847
1164,Malaxeur-167
1165,Fraiseuse-682
1166,Fraiseuse-245
1167,Fraiseuse-966
1168,Tour-733
1169,Tour-491
1170,Presse-419
1171,Perceuse-566
1172,Perceuse-175
1173,Robot-907
1174,Presse-637
1175,Fraiseuse-380
1176,Presse-407
1177,Robot-573
1178,Perceuse-671
1179,Perceuse-167
1180,Étuve-987
1181,Convoyeur-105
1182,Étuve-814
1183,Fraiseuse-441
1184,Robot-970
1185,Étuve-307
1186,Presse-860
1187,Malaxeur-336
1188,Malaxeur-861
1189,Centrifugeuse-175
1190,Fraiseuse-225
1191,Étuve-618
1192,Malaxeur-751
1193,Malaxeur-676
1194,Perceuse-321
1195,Broyeur-951
1196,Presse-815
1197,Robot-803
1198,Tour-373
1199,Tour-938
1200,Perceuse-697
1201,Broyeur-377
1202,Fraiseuse-996
1203,Malaxeur-991
1204,Tour-797
1205,Malaxeur-508
1206,Perceuse-791
1207,Tour-330
1208,Broyeur-521
1209,Presse-910
1210,Robot-434
1211,Tour-824
1212,Robot-254
1213,Malaxeur-232
1214,Fraiseuse-559
1215,Broyeur-752
1216,Tour-945
1217,Malaxeur-442
1218,Robot-814
1219,Étuve-376
1220,Malaxeur-215
1221,Malaxeur-504
1222,Fraiseuse-123
1223,Broyeur-238
1224,Tour-428
1225,Tour-131
1226,Tour-751
1227,Presse-184
1228,Robot-607
1229,Perceuse-739
1230,Convoyeur-130
1231,Robot-352
1232,Robot-653
1233,Perceuse-329
1234,Étuve-834
1235,Robot-657
1236,Malaxeur-924
1237,Centrifugeuse-209
1238,Broyeur-444
1239,Presse-994
1240,Presse-964
1241,Robot-789
1242,Tour-130
1243,Étuve-442
1244,Robot-885
1245,Convoyeur-101
1246,Centrifugeuse-605
1247,Presse-765
1248,Robot-824
1249,Centrifugeuse-698
1250,Convoyeur-457
1251,Tour-525
1252,Convoyeur-636
1253,Presse-392
1254,Broyeur-635
1255,Perceuse-613
1256,Tour-343
1257,Tour-667
1258,Convoyeur-269
1259,Presse-319
1260,Centrifugeuse-863
1261,Broyeur-462
1262,Robot-470
1263,Convoyeur-724
1264,Broyeur-209
1265,Malaxeur-791
1266,Centrifugeuse-210
1267,Centrifugeuse-575
1268,Broyeur-387
1269,Broyeur-486
1270,Robot-397
1271,Centrifugeuse-421
1272,Robot-834
1273,Malaxeur-154
1274,Étuve-255
1275,Malaxeur-525
1276,Centrifugeuse-161
1277,Presse-595
1278,Robot-638
1279,Presse-154
1280,Centrifugeuse-739
1281,Étuve-881
1282,Fraiseuse-153
1283,Centrifugeuse-124
1284,Convoyeur-444
1285,Tour-687
1286,Tour-191
1287,Presse-727
1288,Centrifugeuse-990
1289,Malaxeur-870
1290,Malaxeur-537
1291,Étuve-926
1292,Malaxeur-822
1293,Malaxeur-144
1294,Convoyeur-110
1295,Presse-588
1296,Fraiseuse-211
1297,Presse-517
1298,Convoyeur-378
1299,Fraiseuse-759
1300,Convoyeur-603
1301,Convoyeur-659
1302,Presse-975
1303,Presse-178
1304,Robot-415
1305,Centrifugeuse-119
1306,Convoyeur-626
1307,Presse-239
1308,Robot-774
1309,Centrifugeuse-374
1310,Broyeur-666
1311,Fraiseuse-687
1312,Perceuse-463
1313,Fraiseuse-226
1314,Presse-549
1315,Centrifugeuse-617
1316,Tour-327
1317,Malaxeur-964
1318,Robot-127
1319,Tour-478
1320,Robot-498
1321,Étuve-308
1322,Broyeur-230
1323,Robot-703
1324,Malaxeur-548
1325,Tour-663
1326,Broyeur-822
1327,Robot-356
1328,Centrifugeuse-782
1329,Robot-849
1330,Broyeur-250
1331,Convoyeur-717
1332,Perceuse-543
1333,Tour-858
1334,Tour-482
1335,Broyeur-747
1336,Étuve-731
1337,Convoyeur-613
1338,Centrifugeuse-792
1339,Perceuse-260
1340,Fraiseuse-697
1341,Robot-178
1342,Convoyeur-684
1343,Broyeur-674
1344,Convoyeur-298
1345,Presse-842
1346,Broyeur-321
1347,Presse-365
1348,Centrifugeuse-834
1349,Fraiseuse-378
1350,Centrifugeuse-852
1351,Broyeur-756
1352,Perceuse-726
1353,Fraiseuse-382
1354,Malaxeur-341
1355,Presse-868
1356,Malaxeur-443
1357,Perceuse-769
1358,Tour-376
1359,Malaxeur-105
1360,Fraiseuse-250
1361,Centrifugeuse-233
1362,Tour-303
1363,Fraiseuse-132
1364,Robot-389
1365,Étuve-136
1366,Perceuse-356
1367,Centrifugeuse-543
1368,Étuve-580
1369,Étuve-758
1370,Perceuse-477
1371,Convoyeur-395
1372,Tour-749
1373,Centrifugeuse-906
1374,Étuve-194
1375,Perceuse-507
1376,Robot-310
1377,Malaxeur-496
1378,Fraiseuse-734
1379,Fraiseuse-653
1380,Presse-369
1381,Étuve-635
1382,Étuve-128
1383,Convoyeur-144
1384,Étuve-985
1385,Perceuse-186
1386,Tour-549
1387,Perceuse-797
1388,Broyeur-324
1389,Presse-491
1390,Centrifugeuse-175
1391,Étuve-829
1392,Convoyeur-416
1393,Centrifugeuse-247
1394,Convoyeur-294
1395,Fraiseuse-475
1396,Centrifugeuse-587
1397,Presse-883
1398,Robot-417
1399,Centrifugeuse-926
1400,Tour-478
1401,Centrifugeuse-879
1402,Convoyeur-187
1403,Robot-629
1404,Convoyeur-541
1405,Presse-550
1406,Centrifugeuse-464
1407,Robot-998
1408,Malaxeur-761
1409,Robot-188
1410,Perceuse-376
1411,Centrifugeuse-933
1412,Broyeur-766
1413,Tour-268
1414,Robot-106
1415,Tour-219
1416,Broyeur-571
1417,Robot-705
1418,Tour-585
1419,Presse-655
1420,Convoyeur-649
1421,Centrifugeuse-907
1422,Étuve-614
1423,Étuve-409
1424,Étuve-109
1425,Tour-646
1426,Broyeur-640
1427,Convoyeur-284
1428,Centrifugeuse-746
1429,Étuve-731
1430,Perceuse-553
1431,Presse-765
1432,Perceuse-801
1433,Broyeur-180
1434,Perceuse-222
1435,Centrifugeuse-901
1436,Centrifugeuse-298
1437,Presse-888
1438,Tour-380
1439,Broyeur-750
1440,Centrifugeuse-329
1441,Étuve-454
1442,Broyeur-252
1443,Convoyeur-294
1444,Malaxeur-314
1445,Tour-645
1446,Malaxeur-570
1447,Fraiseuse-691
1448,Convoyeur-641
1449,Perceuse-922
1450,Tour-712
1451,Malaxeur-662
1452,Convoyeur-890
1453,Centrifugeuse-362
1454,Broyeur-583
1455,Malaxeur-440
1456,Fraiseuse-423
1457,Tour-958
1458,Étuve-322
1459,Perceuse-235
1460,Fraiseuse-324
1461,Centrifugeuse-541
1462,Centrifugeuse-990
1463,Tour-899
1464,Centrifugeuse-290
1465,Étuve-559
1466,Presse-798
1467,Perceuse-250
1468,Robot-412
1469,Étuve-468
1470,Centrifugeuse-815
1471,Broyeur-601
1472,Malaxeur-591
1473,Tour-803
1474,Étuve-115
1475,Convoyeur-314
1476,Centrifugeuse-199
1477,Tour-559
1478,Perceuse-847
1479,Broyeur-460
1480,Perceuse-258
1481,Robot-156
1482,Étuve-612
1483,Presse-803
1484,Étuve-652
1485,Malaxeur-128
1486,Fraiseuse-912
1487,Presse-692
1488,Perceuse-919
1489,Broyeur-736
1490,Perceuse-738
1491,Étuve-934
1492,Centrifugeuse-862
1493,Fraiseuse-501
1494,Étuve-299
1495,Perceuse-375
1496,Fraiseuse-321
1497,Perceuse-469
1498,Étuve-645
1499,Presse-452
1500,Étuve-732
1501,Convoyeur-186
1502,Convoyeur-263
1503,Tour-592
1504,Centrifugeuse-219
1505,Perceuse-404
1506,Étuve-614
1507,Malaxeur-544
1508,Étuve-340
1509,Robot-495
1510,Perceuse-256
1511,Centrifugeuse-957
1512,Fraiseuse-278
1513,Convoyeur-123
1514,Presse-185
1515,Fraiseuse-372
1516,Fraiseuse-458
1517,Presse-484
1518,Centrifugeuse-885
1519,Fraiseuse-376
1520,Broyeur-930
1521,Fraiseuse-849
1522,Broyeur-867
1523,Étuve-184
1524,Centrifugeuse-956
1525,Fraiseuse-652
1526,Robot-811
1527,Tour-702
1528,Robot-219
1529,Presse-589
1530,Centrifugeuse-779
1531,Perceuse-536
1532,Broyeur-444
1533,Fraiseuse-150
1534,Presse-120
1535,Robot-892
1536,Fraiseuse-390
1537,Presse-306
1538,Fraiseuse-243
1539,Tour-190
1540,Étuve-210
1541,Fraiseuse-447
1542,Robot-219
1543,Fraiseuse-476
1544,Robot-945
1545,Fraiseuse-230
1546,Broyeur-467
1547,Étuve-296
1548,Malaxeur-420
1549,Tour-831
1550,Centrifugeuse-655
1551,Malaxeur-292
1552,Tour-603
1553,Convoyeur-987
1554,Centrifugeuse-388
1555,Robot-857
1556,Robot-504
1557,Étuve-662
1558,Centrifugeuse-501
1559,Broyeur-119
1560,Robot-879
1561,Tour-302
1562,Tour-214
1563,Perceuse-393
1564,Fraiseuse-990
1565,Perceuse-502
1566,Presse-703
1567,Malaxeur-215
1568,Centrifugeuse-839
1569,Robot-340
1570,Robot-789
1571,Étuve-788
1572,Fraiseuse-596
1573,Robot-290
1574,Fraiseuse-922
1575,Convoyeur-733
1576,Malaxeur-684
1577,Convoyeur-328
1578,Fraiseuse-336
1579,Étuve-720
1580,Centrifugeuse-962
1581,Tour-391
1582,Fraiseuse-702
1583,Perceuse-266
1584,Perceuse-162
1585,Perceuse-664
1586,Convoyeur-383
1587,Convoyeur-750
1588,Étuve-804
1589,Étuve-570
1590,Convoyeur-191
1591,Malaxeur-385
1592,Étuve-174
1593,Robot-797
1594,Robot-506
1595,Étuve-718
1596,Robot-416
1597,Presse-307
1598,Perceuse-487
1599,Presse-302
1600,Centrifugeuse-362
1601,Tour-943
1602,Presse-414
1603,Robot-856
1604,Presse-644
1605,Centrifugeuse-588
1606,Tour-291
1607,Presse-286
1608,Centrifugeuse-715
1609,Convoyeur-710
1610,Presse-998
1611,Convoyeur-324
1612,Tour-209
1613,Malaxeur-958
1614,Broyeur-809
1615,Centrifugeuse-962
1616,Fraiseuse-664
1617,Malaxeur-873
1618,Tour-311
1619,Broyeur-653
1620,Malaxeur-433
1621,Fraiseuse-910
1622,Convoyeur-429
1623,Fraiseuse-155
1624,Robot-715
1625,Perceuse-317
1626,Presse-101
1627,Robot-739
1628,Broyeur-768
1629,Perceuse-406
1630,Fraiseuse-380
1631,Robot-410
1632,Robot-959
1633,Malaxeur-611
1634,Centrifugeuse-412
1635,Perceuse-347
1636,Robot-630
1637,Broyeur-845
1638,Tour-406
1639,Perceuse-561
1640,Presse-113
1641,Presse-683
1642,Presse-148
1643,Tour-951
1644,Étuve-438
1645,Perceuse-758
1646,Fraiseuse-513
1647,Robot-125
1648,Robot-987
1649,Centrifugeuse-103
1650,Perceuse-540
1651,Presse-896
1652,Broyeur-989
1653,Étuve-161
1654,Perceuse-507
1655,Tour-938
1656,Convoyeur-544
1657,Centrifugeuse-470
1658,Malaxeur-838
1659,Fraiseuse-355
1660,Centrifugeuse-813
1661,Perceuse-518
1662,Convoyeur-832
1663,Presse-543
1664,Malaxeur-328
1665,Malaxeur-850
1666,Robot-596
1667,Convoyeur-916
1668,Étuve-208
1669,Tour-132
1670,Presse-908
1671,Robot-834
1672,Tour-427
1673,Convoyeur-374
1674,Robot-740
1675,Tour-741
1676,Fraiseuse-530
1677,Étuve-203
1678,Robot-271
1679,Fraiseuse-477
1680,Presse-586
1681,Broyeur-797
1682,Perceuse-503
1683,Fraiseuse-835
1684,Centrifugeuse-983
1685,Malaxeur-268
1686,Tour-845
1687,Robot-941
1688,Tour-178
1689,Étuve-962
1690,Broyeur-247
1691,Broyeur-229
1692,Tour-717
1693,Centrifugeuse-571
1694,Tour-571
1695,Broyeur-778
1696,Convoyeur-794
1697,Tour-935
1698,Convoyeur-153
1699,Malaxeur-369
1700,Broyeur-278
1701,Robot-185
1702,Perceuse-534
1703,Perceuse-598
1704,Broyeur-751
1705,Tour-662
1706,Robot-174
1707,Tour-114
1708,Malaxeur-360
1709,Convoyeur-538
1710,Robot-310
1711,Tour-795
1712,Robot-175
1713,Presse-819
1714,Robot-922
1715,Perceuse-464
1716,Tour-492
1717,Tour-424
1718,Centrifugeuse-225
1719,Centrifugeuse-451
1720,Robot-935
1721,Fraiseuse-436
1722,Centrifugeuse-178
1723,Robot-946
1724,Robot-722
1725,Fraiseuse-380
1726,Étuve-979
1727,Étuve-258
1728,Malaxeur-549
1729,Broyeur-253
1730,Tour-976
1731,Robot-419
1732,Étuve-337
1733,Broyeur-699
1734,Tour-236
1735,Convoyeur-467
1736,Presse-944
1737,Étuve-605
1738,Tour-673
1739,Étuve-417
1740,Tour-451
1741,Robot-788
1742,Centrifugeuse-249
1743,Étuve-255
1744,Étuve-405
1745,Robot-180
1746,Fraiseuse-175
1747,Presse-133
1748,Presse-560
1749,Centrifugeuse-788
1750,Fraiseuse-154
1751,Fraiseuse-791
1752,Convoyeur-887
1753,Malaxeur-334
1754,Presse-409
1755,Perceuse-692
1756,Broyeur-997
1757,Malaxeur-838
1758,Tour-267
1759,Convoyeur-989
1760,Malaxeur-441
1761,Broyeur-344
1762,Perceuse-627
1763,Perceuse-662
1764,Centrifugeuse-838
1765,Perceuse-415
1766,Centrifugeuse-292
1767,Étuve-466
1768,Étuve-120
1769,Presse-809
1770,Centrifugeuse-157
1771,Fraiseuse-728
1772,Étuve-555
1773,Fraiseuse-874
1774,Perceuse-403
1775,Centrifugeuse-345
1776,Tour-910
1777,Perceuse-840
1778,Broyeur-956
1779,Fraiseuse-308
1780,Centrifugeuse-974
1781,Malaxeur-821
1782,Centrifugeuse-391
1783,Broyeur-768
1784,Centrifugeuse-630
1785,Robot-812
1786,Presse-818
1787,Centrifugeuse-539
1788,Broyeur-354
1789,Malaxeur-829
1790,Perceuse-390
1791,Presse-398
1792,Malaxeur-412
1793,Perceuse-914
1794,Convoyeur-522
1795,Tour-185
1796,Centrifugeuse-800
1797,Perceuse-892
1798,Tour-808
1799,Convoyeur-936
1800,Robot-966
1801,Fraiseuse-852
1802,Malaxeur-312
1803,Broyeur-657
1804,Robot-271
1805,Malaxeur-208
1806,Robot-224
1807,Malaxeur-946
1808,Presse-735
1809,Étuve-447
1810,Malaxeur-481
1811,Fraiseuse-891
1812,Convoyeur-328
1813,Étuve-876
1814,Perceuse-833
1815,Perceuse-243
1816,Perceuse-216
1817,Robot-407
1818,Presse-322
1819,Presse-176
1820,Presse-732
1821,Fraiseuse-341
1822,Tour-706
1823,Perceuse-433
1824,Perceuse-936
1825,Convoyeur-913
1826,Fraiseuse-800
1827,Fraiseuse-185
1828,Centrifugeuse-271
1829,Centrifugeuse-159
1830,Tour-889
1831,Étuve-801
1832,Presse-429
1833,Étuve-286
1834,Presse-648
1835,Broyeur-877
1836,Robot-811
1837,Étuve-761
1838,Tour-944
1839,Fraiseuse-596
1840,Étuve-482
1841,Tour-735
1842,Tour-846
1843,Malaxeur-393
1844,Broyeur-169
1845,Centrifugeuse-232
1846,Fraiseuse-271
1847,Centrifugeuse-780
1848,Convoyeur-601
1849,Fraiseuse-103
1850,Fraiseuse-804
1851,Centrifugeuse-251
1852,Robot-595
1853,Fraiseuse-723
1854,Fraiseuse-895
1855,Convoyeur-638
1856,Convoyeur-452
1857,Presse-270
1858,Tour-180
1859,Malaxeur-125
1860,Centrifugeuse-755
1861,Étuve-271
1862,Convoyeur-584
1863,Broyeur-826
1864,Convoyeur-888
1865,Malaxeur-869
1866,Robot-637
1867,Étuve-363
1868,Centrifugeuse-837
1869,Centrifugeuse-952
1870,Presse-229
1871,Broyeur-587
1872,Centrifugeuse-250
1873,Fraiseuse-257
1874,Robot-915
1875,Tour-913
1876,Étuve-670
1877,Convoyeur-772
1878,Malaxeur-604
1879,Robot-143
1880,Malaxeur-926
1881,Perceuse-915
1882,Robot-338
1883,Étuve-897
1884,Fraiseuse-548
1885,Étuve-728
1886,Centrifugeuse-779
1887,Étuve-922
1888,Presse-269
1889,Tour-272
1890,Centrifugeuse-170
1891,Convoyeur-949
1892,Broyeur-964
1893,Perceuse-919
1894,Presse-944
1895,Convoyeur-480
1896,Centrifugeuse-413
1897,Robot-669
1898,Convoyeur-747
1899,Tour-891
1900,Perceuse-394
1901,Broyeur-450
1902,Fraiseuse-589
1903,Fraiseuse-500
1904,Centrifugeuse-769
1905,Fraiseuse-348
1906,Robot-906
1907,Perceuse-955
1908,Convoyeur-225
1909,Robot-418
1910,Robot-878
1911,Fraiseuse-386
1912,Malaxeur-236
1913,Robot-472
1914,Tour-989
1915,Robot-198
1916,Tour-136
1917,Convoyeur-625
1918,Centrifugeuse-137
1919,Robot-309
1920,Étuve-569
1921,Malaxeur-440
1922,Perceuse-409
1923,Fraiseuse-424
1924,Étuve-721
1925,Robot-174
1926,Broyeur-569
1927,Malaxeur-711
1928,Centrifugeuse-970
1929,Presse-484
1930,Centrifugeuse-397
1931,Convoyeur-546
1932,Tour-167
1933,Fraiseuse-862
1934,Perceuse-336
1935,Robot-122
1936,Robot-569
1937,Convoyeur-893
1938,Presse-850
1939,Tour-136
1940,Malaxeur-994
1941,Robot-948
1942,Broyeur-783
1943,Fraiseuse-137
1944,Étuve-653
1945,Presse-879
1946,Étuve-103
1947,Étuve-952
1948,Convoyeur-931
1949,Malaxeur-300
1950,Centrifugeuse-212
1951,Perceuse-889
1952,Étuve-186
1953,Étuve-846
1954,Convoyeur-370
1955,Fraiseuse-599
1956,Étuve-820
1957,Malaxeur-249
1958,Convoyeur-354
1959,Presse-597
1960,Malaxeur-307
1961,Presse-902
1962,Étuve-980
1963,Perceuse-732
1964,Étuve-106
1965,Convoyeur-144
1966,Centrifugeuse-924
1967,Presse-431
1968,Perceuse-900
1969,Tour-756
1970,Presse-828
1971,Presse-130
1972,Convoyeur-403
1973,Presse-467
1974,Étuve-365
1975,Étuve-907
1976,Étuve-816
1977,Centrifugeuse-103
1978,Fraiseuse-593
1979,Fraiseuse-141
1980,Presse-406
1981,Centrifugeuse-457
1982,Broyeur-149
1983,Malaxeur-610
1984,Convoyeur-148
1985,Convoyeur-286
1986,Presse-654
1987,Étuve-166
1988,Tour-828
1989,Étuve-243
1990,Convoyeur-429
1991,Malaxeur-889
1992,Robot-529
1993,Perceuse-674
1994,Tour-515
1995,Étuve-298
1996,Convoyeur-704
1997,Broyeur-482
1998,Étuve-859
1999,Convoyeur-149
2000,Étuve-681
2001,Malaxeur-560
2002,Étuve-773
2003,Étuve-304
2004,Tour-310
2005,Malaxeur-808
2006,Étuve-950
2007,Fraiseuse-479
2008,Malaxeur-304
2009,Fraiseuse-349
2010,Convoyeur-556
2011,Broyeur-586
2012,Étuve-146
2013,Robot-896
2014,Robot-338
2015,Presse-735
2016,Étuve-525
2017,Étuve-808
2018,Broyeur-281
2019,Robot-654
2020,Malaxeur-128
2021,Convoyeur-893
2022,Étuve-243
2023,Malaxeur-330
2024,Étuve-261
2025,Convoyeur-290
2026,Perceuse-664
2027,Malaxeur-474
2028,Étuve-586
2029,Presse-137
2030,Robot-115
2031,Broyeur-246
2032,Presse-535
2033,Perceuse-722
2034,Malaxeur-739
2035,Fraiseuse-148
2036,Presse-433
2037,Tour-143
2038,Convoyeur-334
2039,Presse-564
2040,Étuve-147
2041,Centrifugeuse-132
2042,Presse-835
2043,Convoyeur-703
2044,Robot-423
2045,Presse-160
2046,Broyeur-539
2047,Convoyeur-528
2048,Centrifugeuse-127
2049,Fraiseuse-951
2050,Malaxeur-837
2051,Étuve-144
2052,Broyeur-727
2053,Fraiseuse-943
2054,Malaxeur-171
2055,Robot-247
2056,Presse-147
2057,Tour-236
2058,Fraiseuse-706
2059,Perceuse-824
2060,Presse-223
2061,Perceuse-469
2062,Malaxeur-251
2063,Broyeur-222
2064,Broyeur-712
2065,Presse-896
2066,Robot-445
2067,Tour-315
2068,Centrifugeuse-924
2069,Broyeur-614
2070,Perceuse-157
2071,Fraiseuse-229
2072,Tour-693
2073,Tour-625
2074,Presse-444
2075,Perceuse-422
2076,Convoyeur-425
2077,Broyeur-887
2078,Robot-892
2079,Presse-380
2080,Centrifugeuse-336
2081,Centrifugeuse-442
2082,Fraiseuse-923
2083,Robot-568
2084,Convoyeur-587
2085,Tour-682
2086,Tour-635
2087,Presse-642
2088,Perceuse-946
2089,Malaxeur-535
2090,Robot-931
2091,Étuve-776
2092,Centrifugeuse-610
2093,Fraiseuse-516
2094,Presse-977
2095,Malaxeur-978
2096,Broyeur-388
2097,Malaxeur-987
2098,Convoyeur-168
2099,Presse-115
2100,Malaxeur-229
2101,Malaxeur-325
2102,Perceuse-450
2103,Tour-203
2104,Fraiseuse-540
2105,Malaxeur-143
2106,Centrifugeuse-896
2107,Fraiseuse-513
2108,Convoyeur-765
2109,Convoyeur-951
2110,Fraiseuse-734
2111,Tour-510
2112,Convoyeur-560
2113,Convoyeur-552
2114,Presse-488
2115,Presse-519
2116,Presse-389
2117,Robot-402
2118,Robot-688
2119,Étuve-361
2120,Presse-651
2121,Broyeur-982
2122,Broyeur-591
2123,Tour-759
2124,Tour-605
2125,Tour-105
2126,Robot-744
2127,Broyeur-209
2128,Broyeur-259
2129,Convoyeur-468
2130,Presse-622
2131,Broyeur-836
2132,Robot-432
2133,Presse-668
2134,Centrifugeuse-700
2135,Fraiseuse-972
2136,Tour-489
2137,Convoyeur-359
2138,Perceuse-111
2139,Perceuse-673
2140,Malaxeur-635
2141,Convoyeur-360
2142,Perceuse-298
2143,Fraiseuse-752
2144,Convoyeur-211
2145,Étuve-731
2146,Convoyeur-883
2147,Robot-468
2148,Malaxeur-439
2149,Broyeur-918
2150,Fraiseuse-766
2151,Malaxeur-535
2152,Robot-123
2153,Tour-365
2154,Malaxeur-860
2155,Broyeur-217
2156,Malaxeur-762
2157,Centrifugeuse-749
2158,Malaxeur-917
2159,Malaxeur-142
2160,Tour-253
2161,Tour-923
2162,Centrifugeuse-167
2163,Perceuse-941
2164,Perceuse-395
2165,Robot-942
2166,Fraiseuse-849
2167,Broyeur-407
2168,Perceuse-108
2169,Robot-720
2170,Presse-739
2171,Convoyeur-176
2172,Presse-630
2173,Tour-828
2174,Presse-318
2175,Presse-102
2176,Fraiseuse-673
2177,Broyeur-128
2178,Fraiseuse-646
2179,Perceuse-324
2180,Fraiseuse-530
2181,Tour-721
2182,Robot-100
2183,Centrifugeuse-518
2184,Fraiseuse-733
2185,Centrifugeuse-618
2186,Malaxeur-477
2187,Perceuse-892
2188,Perceuse-871
2189,Malaxeur-692
2190,Perceuse-466
2191,Étuve-215
2192,Étuve-965
2193,Robot-966
2194,Malaxeur-227
2195,Robot-190
2196,Étuve-766
2197,Centrifugeuse-798
2198,Fraiseuse-974
2199,Centrifugeuse-976
2200,Perceuse-830
2201,Étuve-698
2202,Presse-620
2203,Perceuse-120
2204,Malaxeur-446
2205,Perceuse-782
2206,Centrifugeuse-278
2207,Presse-454
2208,Fraiseuse-628
2209,Convoyeur-489
2210,Convoyeur-591
2211,Perceuse-393
2212,Convoyeur-319
2213,Perceuse-953
2214,Étuve-624
2215,Tour-521
2216,Robot-825
2217,Perceuse-118
2218,Robot-497
2219,Étuve-929
2220,Malaxeur-114
2221,Étuve-282
2222,Broyeur-655
2223,Fraiseuse-126
2224,Étuve-774
2225,Étuve-691
2226,Robot-605
2227,Tour-881
2228,Broyeur-460
2229,Fraiseuse-151
2230,Broyeur-862
2231,Broyeur-546
2232,Perceuse-561
2233,Fraiseuse-841
2234,Tour-391
2235,Fraiseuse-207
2236,Étuve-643
2237,Étuve-447
2238,Malaxeur-978
2239,Convoyeur-474
2240,Robot-750
2241,Convoyeur-752
2242,Convoyeur-918
2243,Convoyeur-141
2244,Robot-241
2245,Tour-153
2246,Malaxeur-588
2247,Robot-695
2248,Étuve-546
2249,Perceuse-193
2250,Convoyeur-498
2251,Étuve-602
2252,Tour-206
2253,Malaxeur-527
2254,Tour-681
2255,Robot-532
2256,Broyeur-150
2257,Convoyeur-769
2258,Presse-815
2259,Convoyeur-827
2260,Étuve-136
2261,Malaxeur-454
2262,Perceuse-549
2263,Étuve-623
2264,Centrifugeuse-808
2265,Centrifugeuse-957
2266,Centrifugeuse-880
2267,Robot-295
2268,Étuve-654
2269,Broyeur-750
2270,Centrifugeuse-775
2271,Fraiseuse-409
2272,Centrifugeuse-866
2273,Centrifugeuse-828
2274,Centrifugeuse-317
2275,Fraiseuse-153
2276,Fraiseuse-255
2277,Convoyeur-333
2278,Presse-799
2279,Convoyeur-885
2280,Malaxeur-343
2281,Fraiseuse-396
2282,Perceuse-776
2283,Broyeur-745
2284,Centrifugeuse-501
2285,Presse-250
2286,Broyeur-159
2287,Convoyeur-384
2288,Broyeur-814
2289,Tour-745
2290,Presse-703
2291,Convoyeur-480
2292,Tour-226
2293,Perceuse-229
2294,Broyeur-289
2295,Étuve-129
2296,Robot-801
2297,Tour-150
2298,Convoyeur-317
2299,Broyeur-348
2300,Malaxeur-134
2301,Étuve-651
2302,Fraiseuse-778
2303,Étuve-863
2304,Tour-619
2305,Fraiseuse-665
2306,Étuve-828
2307,Broyeur-303
2308,Tour-865
2309,Broyeur-667
2310,Tour-324
2311,Convoyeur-924
2312,Broyeur-963
2313,Convoyeur-978
2314,Broyeur-295
2315,Broyeur-278
2316,Broyeur-441
2317,Centrifugeuse-577
2318,Robot-816
2319,Fraiseuse-357
2320,Presse-752
2321,Étuve-942
2322,Étuve-674
2323,Centrifugeuse-228
2324,Étuve-153
2325,Convoyeur-116
2326,Tour-526
2327,Broyeur-627
2328,Broyeur-321
2329,Fraiseuse-262
2330,Tour-919
2331,Perceuse-575
2332,Malaxeur-252
2333,Presse-413
2334,Robot-247
2335,Presse-818
2336,Broyeur-352
2337,Perceuse-976
2338,Convoyeur-226
2339,Malaxeur-975
2340,Malaxeur-217
2341,Robot-380
2342,Presse-166
2343,Robot-741
2344,Presse-964
2345,Étuve-939
2346,Étuve-632
2347,Convoyeur-319
2348,Malaxeur-207
2349,Fraiseuse-911
2350,Centrifugeuse-540
2351,Broyeur-370
2352,Centrifugeuse-792
2353,Convoyeur-275
2354,Tour-810
2355,Broyeur-977
2356,Robot-992
2357,Malaxeur-895
2358,Malaxeur-420
2359,Malaxeur-936
2360,Centrifugeuse-792
2361,Presse-942
2362,Fraiseuse-181
2363,Perceuse-229
2364,Tour-372
2365,Étuve-855
2366,Centrifugeuse-171
2367,Perceuse-972
2368,Robot-586
2369,Perceuse-766
2370,Perceuse-224
2371,Malaxeur-203
2372,Presse-636
2373,Presse-641
2374,Centrifugeuse-565
2375,Malaxeur-269
2376,Malaxeur-929
2377,Convoyeur-926
2378,Fraiseuse-430
2379,Convoyeur-487
2380,Malaxeur-574
2381,Malaxeur-610
2382,Presse-684
2383,Fraiseuse-247
2384,Presse-694
2385,Fraiseuse-339
2386,Fraiseuse-752
2387,Convoyeur-889
2388,Malaxeur-443
2389,Tour-659
2390,Broyeur-162
2391,Broyeur-204
2392,Perceuse-485
2393,Presse-254
2394,Robot-316
2395,Centrifugeuse-667
2396,Malaxeur-159
2397,Presse-376
2398,Convoyeur-875
2399,Étuve-216
2400,Malaxeur-245
2401,Robot-746
2402,Fraiseuse-363
2403,Centrifugeuse-363
2404,Tour-356
2405,Robot-836
2406,Centrifugeuse-664
2407,Tour-573
2408,Robot-935
2409,Centrifugeuse-149
2410,Broyeur-131
2411,Perceuse-482
2412,Fraiseuse-273
2413,Robot-802
2414,Fraiseuse-692
2415,Broyeur-455
2416,Robot-474
2417,Malaxeur-974
2418,Perceuse-273
2419,Robot-341
2420,Fraiseuse-203
2421,Malaxeur-233
2422,Tour-828
2423,Perceuse-998
2424,Malaxeur-654
2425,Presse-470
2426,Robot-635
2427,Tour-476
2428,Centrifugeuse-228
2429,Malaxeur-400
2430,Convoyeur-309
2431,Broyeur-904
2432,Convoyeur-316
2433,Convoyeur-466
2434,Robot-177
2435,Étuve-498
2436,Étuve-640
2437,Robot-172
2438,Malaxeur-975
2439,Centrifugeuse-611
2440,Perceuse-464
2441,Centrifugeuse-956
2442,Perceuse-501
2443,Fraiseuse-482
2444,Perceuse-644
2445,Tour-262
2446,Étuve-423
2447,Malaxeur-395
2448,Étuve-925
2449,Centrifugeuse-548
2450,Centrifugeuse-986
2451,Robot-674
2452,Malaxeur-244
2453,Centrifugeuse-190
2454,Perceuse-506
2455,Perceuse-971
2456,Tour-574
2457,Presse-979
2458,Presse-468
2459,Fraiseuse-401
2460,Tour-214
2461,Tour-766
2462,Centrifugeuse-853
2463,Broyeur-457
2464,Centrifugeuse-579
2465,Robot-738
2466,Tour-776
2467,Fraiseuse-963
2468,Broyeur-917
2469,Convoyeur-874
2470,Centrifugeuse-913
2471,Fraiseuse-747
2472,Centrifugeuse-953
2473,Étuve-403
2474,Étuve-794
2475,Convoyeur-974
2476,Fraiseuse-597
2477,Tour-954
2478,Étuve-885
2479,Broyeur-622
2480,Broyeur-742
2481,Fraiseuse-927
2482,Tour-331
2483,Broyeur-703
2484,Tour-400
2485,Centrifugeuse-934
2486,Fraiseuse-462
2487,Convoyeur-881
2488,Presse-301
2489,Malaxeur-829
2490,Convoyeur-926
2491,Tour-138
2492,Tour-538
2493,Tour-567
2494,Perceuse-638
2495,Tour-702
2496,Convoyeur-198
2497,Étuve-630
2498,Presse-985
2499,Étuve-873
2500,Malaxeur-171
2501,Fraiseuse-251
2502,Convoyeur-106
2503,Presse-146
2504,Broyeur-668
2505,Convoyeur-828
2506,Étuve-454
2507,Perceuse-414
2508,Tour-962
2509,Tour-307
2510,Convoyeur-374
2511,Perceuse-982
2512,Presse-107
2513,Presse-752
2514,Broyeur-504
2515,Étuve-409
2516,Presse-385
2517,Tour-689
2518,Robot-898
2519,Tour-451
2520,Robot-743
2521,Perceuse-567
2522,Étuve-722
2523,Perceuse-329
2524,Perceuse-694
2525,Robot-873
2526,Robot-970
2527,Perceuse-964
2528,Convoyeur-423
2529,Tour-656
2530,Tour-880
2531,Presse-952
2532,Centrifugeuse-198
2533,Étuve-317
2534,Tour-120
2535,Robot-773
2536,Tour-440
2537,Presse-393
2538,Perceuse-903
2539,Centrifugeuse-866
2540,Centrifugeuse-517
2541,Malaxeur-465
2542,Perceuse-637
2543,Fraiseuse-286
2544,Broyeur-634
2545,Centrifugeuse-164
2546,Étuve-106
2547,Malaxeur-646
2548,Malaxeur-205
2549,Presse-337
2550,Étuve-981
2551,Presse-667
2552,Malaxeur-223
2553,Tour-391
2554,Convoyeur-379
2555,Robot-553
2556,Tour-691
2557,Presse-801
2558,Convoyeur-500
2559,Tour-630
2560,Perceuse-260
2561,Centrifugeuse-982
2562,Convoyeur-200
2563,Convoyeur-442
2564,Malaxeur-890
2565,Robot-246
2566,Robot-563
2567,Fraiseuse-442
2568,Broyeur-259
2569,Centrifugeuse-258
2570,Centrifugeuse-569
2571,Broyeur-519
2572,Malaxeur-584
2573,Tour-311
2574,Centrifugeuse-588
2575,Convoyeur-945
2576,Fraiseuse-439
2577,Malaxeur-636
2578,Presse-584
2579,Malaxeur-211
2580,Centrifugeuse-545
2581,Robot-845
2582,Étuve-330
2583,Robot-131
2584,Centrifugeuse-893
2585,Perceuse-918
2586,Tour-393
2587,Malaxeur-941
2588,Étuve-202
2589,Convoyeur-657
2590,Tour-625
2591,Étuve-139
2592,Étuve-574
2593,Étuve-723
2594,Presse-279
2595,Convoyeur-299
2596,Fraiseuse-221
2597,Tour-506
2598,Tour-156
2599,Robot-799
2600,Robot-977
2601,Perceuse-471
2602,Malaxeur-459
2603,Centrifugeuse-925
2604,Malaxeur-607
2605,Robot-139
2606,Tour-213
2607,Malaxeur-219
2608,Broyeur-826
2609,Robot-656
2610,Perceuse-931
2611,Broyeur-309
2612,Centrifugeuse-710
2613,Tour-322
2614,Perceuse-894
2615,Presse-118
2616,Étuve-935
2617,Fraiseuse-392
2618,Malaxeur-226
2619,Robot-453
2620,Robot-339
2621,Presse-950
2622,Perceuse-214
2623,Étuve-670
2624,Perceuse-870
2625,Étuve-308
2626,Centrifugeuse-928
2627,Centrifugeuse-354
2628,Robot-609
2629,Convoyeur-209
2630,Étuve-666
2631,Fraiseuse-614
2632,Étuve-114
2633,Convoyeur-139
2634,Presse-536
2635,Étuve-613
2636,Broyeur-146
2637,Tour-794
2638,Perceuse-137
2639,Broyeur-467
2640,Fraiseuse-577
2641,Fraiseuse-487
2642,Presse-749
2643,Perceuse-471
2644,Broyeur-981
2645,Robot-383
2646,Centrifugeuse-669
2647,Perceuse-738
2648,Fraiseuse-437
2649,Broyeur-468
2650,Malaxeur-456
2651,Tour-618
2652,Perceuse-604
2653,Robot-812
2654,Étuve-646
2655,Fraiseuse-178
2656,Robot-713
2657,Tour-816
2658,Malaxeur-163
2659,Convoyeur-989
2660,Fraiseuse-866
2661,Centrifugeuse-285
2662,Robot-553
2663,Centrifugeuse-163
2664,Perceuse-266
2665,Fraiseuse-889
2666,Fraiseuse-165
2667,Convoyeur-226
2668,Robot-762
2669,Convoyeur-199
2670,Robot-670
2671,Fraiseuse-647
2672,Robot-422
2673,Centrifugeuse-536
2674,Convoyeur-454
2675,Presse-259
2676,Malaxeur-348
2677,Tour-338
2678,Broyeur-302
2679,Perceuse-259
2680,Robot-137
2681,Presse-160
2682,Robot-730
2683,Centrifugeuse-205
2684,Presse-705
2685,Convoyeur-974
2686,Broyeur-391
2687,Broyeur-604
2688,Broyeur-411
2689,Robot-252
2690,Perceuse-671
2691,Perceuse-975
2692,Centrifugeuse-844
2693,Fraiseuse-839
2694,Centrifugeuse-345
2695,Tour-839
2696,Broyeur-333
2697,Centrifugeuse-719
2698,Presse-746
2699,Tour-400
2700,Broyeur-223
2701,Fraiseuse-117
2702,Broyeur-753
2703,Presse-241
2704,Convoyeur-978
2705,Presse-990
2706,Tour-272
2707,Convoyeur-136
2708,Tour-969
2709,Centrifugeuse-238
2710,Malaxeur-937
2711,Malaxeur-705
2712,Centrifugeuse-870
2713,Convoyeur-914
2714,Étuve-213
2715,Robot-407
2716,Centrifugeuse-677
2717,Broyeur-163
2718,Étuve-265
2719,Convoyeur-588
2720,Fraiseuse-630
2721,Étuve-623
2722,Centrifugeuse-548
2723,Tour-675
2724,Malaxeur-371
2725,Malaxeur-542
2726,Convoyeur-285
2727,Malaxeur-192
2728,Robot-983
2729,Malaxeur-161
2730,Malaxeur-509
2731,Malaxeur-440
2732,Broyeur-738
2733,Convoyeur-220
2734,Malaxeur-726
2735,Centrifugeuse-449
2736,Broyeur-244
2737,Malaxeur-106
2738,Perceuse-205
2739,Broyeur-445
2740,Robot-292
2741,Robot-145
2742,Broyeur-119
2743,Convoyeur-371
2744,Étuve-476
2745,Perceuse-183
2746,Perceuse-142
2747,Perceuse-896
2748,Broyeur-395
2749,Convoyeur-654
2750,Centrifugeuse-148
2751,Malaxeur-376
2752,Malaxeur-661
2753,Malaxeur-357
2754,Broyeur-836
2755,Étuve-548
2756,Convoyeur-974
2757,Étuve-475
2758,Fraiseuse-690
2759,Convoyeur-960
2760,Robot-781
2761,Malaxeur-669
2762,Convoyeur-888
2763,Robot-389
2764,Centrifugeuse-522
2765,Tour-914
2766,Convoyeur-853
2767,Étuve-236
2768,Tour-103
2769,Fraiseuse-524
2770,Malaxeur-526
2771,Centrifugeuse-137
2772,Tour-324
2773,Centrifugeuse-450
2774,Robot-108
2775,Étuve-837
2776,Robot-183
2777,Perceuse-664
2778,Tour-656
2779,Fraiseuse-386
2780,Broyeur-569
2781,Fraiseuse-355
2782,Presse-579
2783,Convoyeur-962
2784,Malaxeur-889
2785,Broyeur-864
2786,Presse-108
2787,Tour-961
2788,Fraiseuse-669
2789,Centrifugeuse-914
2790,Malaxeur-104
2791,Centrifugeuse-271
2792,Robot-182
2793,Convoyeur-253
2794,Perceuse-627
2795,Perceuse-679
2796,Perceuse-743
2797,Fraiseuse-603
2798,Perceuse-417
2799,Malaxeur-286
2800,Tour-235
2801,Étuve-533
2802,Fraiseuse-140
2803,Convoyeur-872
2804,Perceuse-465
2805,Convoyeur-443
2806,Centrifugeuse-899
2807,Presse-540
2808,Broyeur-359
2809,Robot-957
2810,Centrifugeuse-800
2811,Étuve-344
2812,Convoyeur-108
2813,Malaxeur-806
2814,Tour-348
2815,Robot-969
2816,Convoyeur-824
2817,Centrifugeuse-748
2818,Étuve-351
2819,Tour-969
2820,Malaxeur-321
2821,Perceuse-336
2822,Malaxeur-142
2823,Broyeur-155
2824,Fraiseuse-201
2825,Tour-823
2826,Fraiseuse-674
2827,Robot-469
2828,Convoyeur-584
2829,Centrifugeuse-698
2830,Broyeur-753
2831,Malaxeur-704
2832,Robot-697
2833,Fraiseuse-216
2834,Étuve-172
2835,Perceuse-869
2836,Tour-262
2837,Fraiseuse-176
2838,Presse-100
2839,Tour-450
2840,Convoyeur-123
2841,Fraiseuse-430
2842,Perceuse-290
2843,Malaxeur-106
2844,Tour-524
2845,Broyeur-177
2846,Robot-347
2847,Centrifugeuse-263
2848,Fraiseuse-534
2849,Broyeur-319
2850,Presse-216
2851,Broyeur-936
2852,Fraiseuse-950
2853,Étuve-766
2854,Broyeur-429
2855,Tour-756
2856,Broyeur-645
2857,Robot-263
2858,Centrifugeuse-741
2859,Perceuse-312
2860,Fraiseuse-518
2861,Broyeur-793
2862,Broyeur-374
2863,Tour-180
2864,Broyeur-797
2865,Centrifugeuse-388
2866,Perceuse-780
2867,Étuve-855
2868,Tour-300
2869,Malaxeur-116
2870,Centrifugeuse-670
2871,Convoyeur-400
2872,Malaxeur-596
2873,Presse-740
2874,Convoyeur-757
2875,Broyeur-461
2876,Fraiseuse-706
2877,Convoyeur-278
2878,Robot-863
2879,Tour-423
2880,Malaxeur-712
2881,Fraiseuse-880
2882,Étuve-115
2883,Fraiseuse-746
2884,Perceuse-426
2885,Malaxeur-904
2886,Broyeur-567
2887,Tour-160
2888,Robot-985
2889,Fraiseuse-280
2890,Centrifugeuse-958
2891,Tour-480
2892,Fraiseuse-859
2893,Perceuse-635
2894,Malaxeur-526
2895,Centrifugeuse-647
2896,Robot-843
2897,Robot-645
2898,Convoyeur-102
2899,Malaxeur-783
2900,Fraiseuse-428
2901,Fraiseuse-312
2902,Presse-252
2903,Perceuse-317
2904,Étuve-371
2905,Presse-658
2906,Centrifugeuse-841
2907,Broyeur-510
2908,Malaxeur-686
2909,Presse-700
2910,Étuve-969
2911,Broyeur-756
2912,Étuve-133
2913,Malaxeur-198
2914,Malaxeur-306
2915,Malaxeur-187
2916,Tour-989
2917,Presse-343
2918,Malaxeur-211
2919,Centrifugeuse-268
2920,Étuve-695
2921,Étuve-992
2922,Fraiseuse-307
2923,Étuve-764
2924,Malaxeur-904
2925,Robot-988
2926,Malaxeur-308
2927,Broyeur-785
2928,Tour-592
2929,Étuve-449
2930,Centrifugeuse-549
2931,Centrifugeuse-350
2932,Presse-617
2933,Presse-994
2934,Convoyeur-985
2935,Tour-637
2936,Étuve-788
2937,Fraiseuse-756
2938,Fraiseuse-219
2939,Convoyeur-670
2940,Tour-504
2941,Robot-721
2942,Presse-868
2943,Centrifugeuse-460
2944,Perceuse-864
2945,Convoyeur-355
2946,Presse-193
2947,Perceuse-810
2948,Presse-394
2949,Robot-771
2950,Convoyeur-181
2951,Malaxeur-586
2952,Tour-691
2953,Presse-915
2954,Robot-530
2955,Presse-485
2956,Tour-489
2957,Robot-241
2958,Tour-924
2959,Broyeur-597
2960,Étuve-230
2961,Malaxeur-565
2962,Robot-299
2963,Presse-901
2964,Centrifugeuse-197
2965,Broyeur-608
2966,Perceuse-400
2967,Malaxeur-892
2968,Robot-986
2969,Convoyeur-815
2970,Tour-859
2971,Perceuse-339
2972,Broyeur-174
2973,Étuve-970
2974,Étuve-348
2975,Robot-584
2976,Broyeur-127
2977,Perceuse-794
2978,Fraiseuse-811
2979,Fraiseuse-307
2980,Centrifugeuse-408
2981,Tour-732
2982,Convoyeur-212
2983,Perceuse-335
2984,Presse-388
2985,Centrifugeuse-574
2986,Perceuse-815
2987,Perceuse-483
2988,Robot-825
2989,Broyeur-695
2990,Centrifugeuse-932
2991,Centrifugeuse-683
2992,Centrifugeuse-465
2993,Fraiseuse-595
2994,Tour-593
2995,Tour-876
2996,Convoyeur-676
2997,Malaxeur-770
2998,Convoyeur-867
2999,Centrifugeuse-372
3000,Robot-514
3001,Broyeur-457
3002,Malaxeur-304
3003,Malaxeur-787
3004,Fraiseuse-473
3005,Presse-904
3006,Broyeur-649
3007,Robot-354
3008,Broyeur-782
3009,Étuve-149
3010,Tour-651
3011,Perceuse-260
3012,Malaxeur-646
3013,Fraiseuse-249
3014,Tour-494
3015,Fraiseuse-402
3016,Tour-145
3017,Convoyeur-789
3018,Perceuse-580
3019,Robot-546
3020,Presse-446
3021,Malaxeur-589
3022,Robot-701
3023,Broyeur-789
3024,Convoyeur-541
3025,Fraiseuse-248
3026,Centrifugeuse-208
3027,Perceuse-586
3028,Presse-134
3029,Presse-302
3030,Convoyeur-614
3031,Fraiseuse-597
3032,Robot-933
3033,Perceuse-326
3034,Centrifugeuse-482
3035,Presse-238
3036,Robot-930
3037,Étuve-901
3038,Tour-234
3039,Presse-252
3040,Tour-358
3041,Presse-252
3042,Centrifugeuse-723
3043,Fraiseuse-229
3044,Broyeur-782
3045,Tour-137
3046,Robot-100
3047,Tour-292
3048,Fraiseuse-952
3049,Broyeur-478
3050,Tour-933
3051,Tour-877
3052,Perceuse-313
3053,Tour-330
3054,Robot-839
3055,Convoyeur-101
3056,Centrifugeuse-487
3057,Malaxeur-485
3058,Fraiseuse-737
3059,Broyeur-480
3060,Centrifugeuse-929
3061,Étuve-389
3062,Tour-572
3063,Convoyeur-546
3064,Broyeur-355
3065,Perceuse-550
3066,Convoyeur-748
3067,Malaxeur-776
3068,Presse-701
3069,Malaxeur-312
3070,Étuve-346
3071,Étuve-804
3072,Étuve-604
3073,Perceuse-716
3074,Tour-403
3075,Robot-988
3076,Broyeur-941
3077,Perceuse-731
3078,Étuve-216
3079,Robot-107
3080,Centrifugeuse-590
3081,Presse-250
3082,Tour-440
3083,Presse-463
3084,Presse-257
3085,Presse-528
3086,Fraiseuse-238
3087,Presse-623
3088,Malaxeur-610
3089,Robot-452
3090,Broyeur-873
3091,Malaxeur-481
3092,Convoyeur-118
3093,Fraiseuse-344
3094,Perceuse-458
3095,Fraiseuse-569
3096,Robot-128
3097,Centrifugeuse-593
3098,Perceuse-958
3099,Presse-639
3100,Broyeur-134
3101,Centrifugeuse-109
3102,Broyeur-146
3103,Tour-256
3104,Broyeur-456
3105,Tour-451
3106,Broyeur-432
3107,Broyeur-701
3108,Étuve-252
3109,Broyeur-334
3110,Presse-103
3111,Tour-795
3112,Broyeur-595
3113,Presse-561
3114,Centrifugeuse-526
3115,Perceuse-371
3116,Robot-384
3117,Centrifugeuse-843
3118,Robot-135
3119,Presse-788
3120,Centrifugeuse-211
3121,Centrifugeuse-770
3122,Étuve-304
3123,Broyeur-399
3124,Fraiseuse-575
3125,Robot-620
3126,Presse-610
3127,Malaxeur-489
3128,Robot-116
3129,Perceuse-400
3130,Convoyeur-439
3131,Perceuse-575
3132,Malaxeur-279
3133,Fraiseuse-223
3134,Presse-646
3135,Fraiseuse-349
3136,Malaxeur-275
3137,Fraiseuse-677
3138,Robot-793
3139,Convoyeur-545
3140,Étuve-548
3141,Malaxeur-662
3142,Étuve-792
3143,Centrifugeuse-862
3144,Étuve-764
3145,Convoyeur-117
3146,Perceuse-549
3147,Fraiseuse-651
3148,Centrifugeuse-957
3149,Tour-287
3150,Robot-382
3151,Presse-524
3152,Malaxeur-166
3153,Convoyeur-211
3154,Perceuse-728
3155,Étuve-481
3156,Convoyeur-916
3157,Centrifugeuse-716
3158,Centrifugeuse-546
3159,Robot-971
3160,Perceuse-773
3161,Robot-288
3162,Presse-581
3163,Broyeur-608
3164,Tour-673
3165,Malaxeur-636
3166,Tour-976
3167,Étuve-943
3168,Fraiseuse-852
3169,Centrifugeuse-747
3170,Convoyeur-410
3171,Perceuse-737
3172,Étuve-289
3173,Perceuse-960
3174,Étuve-767
3175,Centrifugeuse-561
3176,Fraiseuse-387
3177,Robot-191
3178,Convoyeur-241
3179,Centrifugeuse-134
3180,Convoyeur-544
3181,Convoyeur-152
3182,Tour-535
3183,Centrifugeuse-100
3184,Convoyeur-754
3185,Broyeur-808
3186,Broyeur-977
3187,Tour-819
3188,Fraiseuse-269
3189,Presse-867
3190,Tour-693
3191,Robot-594
3192,Presse-864
3193,Convoyeur-736
3194,Perceuse-238
3195,Centrifugeuse-728
3196,Robot-561
3197,Robot-952
3198,Convoyeur-453
3199,Malaxeur-935
3200,Presse-187
3201,Fraiseuse-172
3202,Étuve-666
3203,Robot-128
3204,Perceuse-826
3205,Presse-802
3206,Perceuse-897
3207,Perceuse-455
3208,Broyeur-804
3209,Centrifugeuse-888
3210,Broyeur-323
3211,Broyeur-651
3212,Étuve-368
3213,Centrifugeuse-244
3214,Fraiseuse-333
3215,Malaxeur-282
3216,Centrifugeuse-349
3217,Broyeur-303
3218,Presse-202
3219,Fraiseuse-914
3220,Fraiseuse-886
3221,Malaxeur-688
3222,Étuve-881
3223,Convoyeur-948
3224,Malaxeur-727
3225,Tour-478
3226,Malaxeur-488
3227,Presse-782
3228,Fraiseuse-797
3229,Centrifugeuse-551
3230,Fraiseuse-321
3231,Perceuse-231
3232,Étuve-249
3233,Malaxeur-159
3234,Robot-987
3235,Tour-429
3236,Étuve-702
3237,Presse-612
3238,Malaxeur-755
3239,Fraiseuse-778
3240,Perceuse-181
3241,Perceuse-481
3242,Étuve-177
3243,Broyeur-989
3244,Perceuse-957
3245,Étuve-886
3246,Étuve-953
3247,Tour-323
3248,Presse-728
3249,Centrifugeuse-957
3250,Fraiseuse-618
3251,Robot-163
3252,Étuve-991
3253,Broyeur-210
3254,Centrifugeuse-291
3255,Tour-384
3256,Perceuse-348
3257,Convoyeur-283
3258,Malaxeur-511
3259,Fraiseuse-809
3260,Fraiseuse-497
3261,Étuve-187
3262,Tour-500
3263,Perceuse-909
3264,Robot-331
3265,Broyeur-873
3266,Étuve-650
3267,Convoyeur-270
3268,Convoyeur-104
3269,Fraiseuse-259
3270,Robot-609
3271,Broyeur-772
3272,Centrifugeuse-472
3273,Presse-212
3274,Convoyeur-578
3275,Convoyeur-596
3276,Centrifugeuse-630
3277,Robot-814
3278,Broyeur-167
3279,Convoyeur-275
3280,Presse-204
3281,Étuve-540
3282,Broyeur-923
3283,Convoyeur-369
3284,Robot-162
3285,Robot-113
3286,Convoyeur-874
3287,Perceuse-410
3288,Fraiseuse-246
3289,Broyeur-750
3290,Étuve-686
3291,Perceuse-368
3292,Malaxeur-954
3293,Malaxeur-459
3294,Broyeur-290
3295,Convoyeur-270
3296,Perceuse-852
3297,Presse-447
3298,Étuve-882
3299,Fraiseuse-567
3300,Centrifugeuse-249
3301,Presse-783
3302,Malaxeur-270
3303,Centrifugeuse-208
3304,Centrifugeuse-686
3305,Malaxeur-344
3306,Malaxeur-130
3307,Centrifugeuse-935
3308,Perceuse-155
3309,Convoyeur-749
3310,Convoyeur-717
3311,Fraiseuse-951
3312,Presse-413
3313,Fraiseuse-582
3314,Centrifugeuse-490
3315,Tour-545
3316,Presse-343
3317,Malaxeur-530
3318,Convoyeur-279
3319,Étuve-895
3320,Perceuse-675
3321,Tour-707
3322,Robot-555
3323,Robot-605
3324,Centrifugeuse-799
3325,Robot-782
3326,Tour-926
3327,Malaxeur-879
3328,Tour-599
3329,Perceuse-718
3330,Presse-672
3331,Broyeur-613
3332,Broyeur-547
3333,Centrifugeuse-485
3334,Tour-381
3335,Convoyeur-684
3336,Convoyeur-352
3337,Fraiseuse-450
3338,Étuve-734
3339,Fraiseuse-750
3340,Fraiseuse-316
3341,Tour-478
3342,Tour-445
3343,Malaxeur-929
3344,Centrifugeuse-330
3345,Convoyeur-892
3346,Robot-891
3347,Convoyeur-557
3348,Presse-976
3349,Presse-916
3350,Presse-446
3351,Convoyeur-673
3352,Presse-768
3353,Convoyeur-228
3354,Perceuse-689
3355,Perceuse-265
3356,Presse-830
3357,Robot-830
3358,Robot-198
3359,Presse-800
3360,Malaxeur-373
3361,Convoyeur-561
3362,Broyeur-706
3363,Convoyeur-897
3364,Centrifugeuse-504
3365,Perceuse-247
3366,Perceuse-623
3367,Étuve-871
3368,Centrifugeuse-386
3369,Étuve-779
3370,Convoyeur-468
3371,Malaxeur-516
3372,Fraiseuse-420
3373,Centrifugeuse-634
3374,Tour-505
3375,Robot-435
3376,Robot-873
3377,Robot-825
3378,Malaxeur-226
3379,Fraiseuse-344
3380,Perceuse-708
3381,Broyeur-653
3382,Perceuse-741
3383,Étuve-166
3384,Convoyeur-493
3385,Fraiseuse-678
3386,Perceuse-257
3387,Tour-491
3388,Étuve-908
3389,Centrifugeuse-350
3390,Fraiseuse-610
3391,Broyeur-611
3392,Robot-774
3393,Presse-515
3394,Robot-414
3395,Perceuse-498
3396,Broyeur-470
3397,Centrifugeuse-885
3398,Broyeur-572
3399,Centrifugeuse-669
3400,Robot-228
3401,Convoyeur-573
3402,Malaxeur-743
3403,Centrifugeuse-590
3404,Presse-384
3405,Malaxeur-157
3406,Fraiseuse-757
3407,Fraiseuse-479
3408,Étuve-807
3409,Presse-467
3410,Malaxeur-907
3411,Presse-794
3412,Centrifugeuse-925
3413,Tour-161
3414,Robot-107
3415,Robot-303
3416,Centrifugeuse-709
3417,Tour-503
3418,Fraiseuse-920
3419,Étuve-532
3420,Étuve-384
3421,Malaxeur-304
3422,Tour-653
3423,Étuve-340
3424,Centrifugeuse-759
3425,Malaxeur-226
3426,Presse-548
3427,Centrifugeuse-707
3428,Tour-199
3429,Étuve-191
3430,Malaxeur-593
3431,Presse-570
3432,Tour-657
3433,Étuve-974
3434,Presse-452
3435,Broyeur-202
3436,Étuve-995
3437,Presse-809
3438,Étuve-890
3439,Perceuse-761
3440,Broyeur-877
3441,Étuve-569
3442,Centrifugeuse-699
3443,Broyeur-425
3444,Convoyeur-424
3445,Fraiseuse-887
3446,Broyeur-763
3447,Robot-545
3448,Perceuse-388
3449,Centrifugeuse-647
3450,Tour-790
3451,Malaxeur-682
3452,Presse-634
3453,Broyeur-678
3454,Broyeur-528
3455,Convoyeur-699
3456,Convoyeur-221
3457,Convoyeur-136
3458,Perceuse-897
3459,Fraiseuse-387
3460,Broyeur-614
3461,Perceuse-516
3462,Convoyeur-627
3463,Étuve-673
3464,Convoyeur-395
3465,Malaxeur-955
3466,Robot-723
3467,Perceuse-492
3468,Malaxeur-135
3469,Broyeur-174
3470,Tour-265
3471,Centrifugeuse-732
3472,Presse-664
3473,Malaxeur-197
3474,Étuve-441
3475,Convoyeur-643
3476,Presse-538
3477,Robot-968
3478,Convoyeur-810
3479,Perceuse-349
3480,Centrifugeuse-113
3481,Presse-236
3482,Tour-297
3483,Presse-348
3484,Fraiseuse-971
3485,Robot-879
3486,Malaxeur-794
3487,Broyeur-791
3488,Fraiseuse-635
3489,Malaxeur-615
3490,Robot-763
3491,Presse-134
3492,Robot-831
3493,Convoyeur-163
3494,Fraiseuse-959
3495,Presse-917
3496,Broyeur-414
3497,Presse-612
3498,Presse-359
3499,Broyeur-537
3500,Tour-923
3501,Convoyeur-559
3502,Robot-518
3503,Perceuse-151
3504,Convoyeur-930
3505,Malaxeur-752
3506,Broyeur-666
3507,Robot-955
3508,Malaxeur-108
3509,Tour-667
3510,Broyeur-711
3511,Broyeur-349
3512,Fraiseuse-535
3513,Convoyeur-679
3514,Centrifugeuse-817
3515,Fraiseuse-189
3516,Convoyeur-997
3517,Fraiseuse-850
3518,Perceuse-627
3519,Perceuse-510
3520,Presse-188
3521,Convoyeur-113
3522,Robot-554
3523,Convoyeur-329
3524,Convoyeur-767
3525,Tour-224
3526,Tour-231
3527,Malaxeur-207
3528,Fraiseuse-329
3529,Robot-489
3530,Malaxeur-509
3531,Fraiseuse-101
3532,Convoyeur-682
3533,Robot-154
3534,Malaxeur-791
3535,Tour-264
3536,Broyeur-863
3537,Robot-968
3538,Malaxeur-597
3539,Robot-957
3540,Convoyeur-192
3541,Presse-729
3542,Presse-879
3543,Malaxeur-250
3544,Broyeur-632
3545,Centrifugeuse-493
3546,Broyeur-917
3547,Fraiseuse-191
3548,Tour-808
3549,Presse-884
3550,Broyeur-393
3551,Centrifugeuse-729
3552,Perceuse-573
3553,Tour-262
3554,Fraiseuse-643
3555,Presse-966
3556,Tour-333
3557,Presse-576
3558,Presse-903
3559,Broyeur-339
3560,Centrifugeuse-504
3561,Convoyeur-582
3562,Broyeur-278
3563,Broyeur-454
3564,Robot-334
3565,Perceuse-260
3566,Tour-187
3567,Malaxeur-435
3568,Tour-338
3569,Étuve-731
3570,Broyeur-604
3571,Perceuse-595
3572,Centrifugeuse-593
3573,Centrifugeuse-736
3574,Perceuse-978
3575,Presse-159
3576,Perceuse-661
3577,Fraiseuse-613
3578,Presse-440
3579,Perceuse-657
3580,Étuve-464
3581,Étuve-355
3582,Fraiseuse-783
3583,Fraiseuse-654
3584,Robot-888
3585,Robot-380
3586,Broyeur-775
3587,Broyeur-634
3588,Broyeur-396
3589,Malaxeur-612
3590,Malaxeur-638
3591,Malaxeur-337
3592,Perceuse-197
3593,Étuve-450
3594,Malaxeur-766
3595,Perceuse-305
3596,Robot-809
3597,Fraiseuse-388
3598,Centrifugeuse-568
3599,Presse-577
3600,Fraiseuse-471
3601,Broyeur-778
3602,Tour-830
3603,Tour-444
3604,Broyeur-620
3605,Robot-288
3606,Robot-567
3607,Presse-942
3608,Centrifugeuse-870
3609,Presse-596
3610,Robot-145
3611,Malaxeur-534
3612,Fraiseuse-874
3613,Convoyeur-961
3614,Broyeur-848
3615,Fraiseuse-311
3616,Convoyeur-956
3617,Broyeur-526
3618,Broyeur-457
3619,Convoyeur-165
3620,Perceuse-485
3621,Étuve-868
3622,Fraiseuse-450
3623,Tour-100
3624,Centrifugeuse-980
3625,Étuve-216
3626,Étuve-963
3627,Presse-700
3628,Broyeur-407
3629,Robot-477
3630,Tour-699
3631,Fraiseuse-288
3632,Étuve-581
3633,Robot-794
3634,Presse-504
3635,Fraiseuse-538
3636,Presse-496
3637,Perceuse-323
3638,Malaxeur-810
3639,Centrifugeuse-959
3640,Presse-576
3641,Presse-654
3642,Fraiseuse-636
3643,Broyeur-648
3644,Broyeur-120
3645,Presse-791
3646,Étuve-180
3647,Centrifugeuse-247
3648,Perceuse-369
3649,Centrifugeuse-918
3650,Presse-169
3651,Fraiseuse-907
3652,Étuve-317
3653,Tour-812
3654,Fraiseuse-887
3655,Centrifugeuse-545
3656,Robot-568
3657,Broyeur-918
3658,Malaxeur-398
3659,Perceuse-871
3660,Malaxeur-853
3661,Centrifugeuse-498
3662,Tour-114
3663,Centrifugeuse-389
3664,Broyeur-275
3665,Convoyeur-258
3666,Centrifugeuse-307
3667,Presse-812
3668,Broyeur-788
3669,Étuve-473
3670,Broyeur-136
3671,Convoyeur-152
3672,Tour-306
3673,Broyeur-717
3674,Tour-841
3675,Tour-341
3676,Malaxeur-559
3677,Broyeur-242
3678,Malaxeur-538
3679,Tour-882
3680,Presse-204
3681,Tour-418
3682,Convoyeur-710
3683,Étuve-682
3684,Centrifugeuse-713
3685,Presse-958
3686,Robot-460
3687,Fraiseuse-682
3688,Broyeur-150
3689,Perceuse-512
3690,Tour-364
3691,Perceuse-502
3692,Malaxeur-172
3693,Presse-343
3694,Fraiseuse-198
3695,Centrifugeuse-468
3696,Perceuse-358
3697,Robot-452
3698,Centrifugeuse-925
3699,Étuve-780
3700,Presse-158
3701,Robot-976
3702,Presse-845
3703,Perceuse-918
3704,Perceuse-724
3705,Centrifugeuse-322
3706,Convoyeur-247
3707,Étuve-303
3708,Fraiseuse-123
3709,Convoyeur-533
3710,Robot-100
3711,Convoyeur-894
3712,Presse-658
3713,Broyeur-391
3714,Tour-483
3715,Tour-403
3716,Centrifugeuse-406
3717,Robot-622
3718,Robot-162
3719,Convoyeur-405
3720,Malaxeur-666
3721,Convoyeur-421
3722,Centrifugeuse-266
3723,Presse-968
3724,Étuve-630
3725,Broyeur-564
3726,Perceuse-935
3727,Presse-671
3728,Malaxeur-703
3729,Convoyeur-431
3730,Centrifugeuse-739
3731,Presse-516
3732,Malaxeur-310
3733,Malaxeur-144
3734,Perceuse-484
3735,Centrifugeuse-275
3736,Étuve-953
3737,Fraiseuse-183
3738,Tour-672
3739,Broyeur-148
3740,Broyeur-776
3741,Perceuse-294
3742,Malaxeur-619
3743,Centrifugeuse-400
3744,Perceuse-640
3745,Centrifugeuse-787
3746,Tour-596
3747,Convoyeur-116
3748,Convoyeur-443
3749,Perceuse-121
3750,Broyeur-430
3751,Convoyeur-301
3752,Perceuse-921
3753,Centrifugeuse-398
3754,Centrifugeuse-457
3755,Fraiseuse-271
3756,Malaxeur-637
3757,Centrifugeuse-685
3758,Presse-385
3759,Perceuse-483
3760,Perceuse-570
3761,Broyeur-869
3762,Centrifugeuse-558
3763,Centrifugeuse-464
3764,Presse-284
3765,Centrifugeuse-299
3766,Perceuse-725
3767,Convoyeur-133
3768,Broyeur-556
3769,Broyeur-598
3770,Perceuse-587
3771,Robot-242
3772,Perceuse-666
3773,Fraiseuse-167
3774,Presse-769
3775,Tour-258
3776,Perceuse-551
3777,Robot-843
3778,Robot-387
3779,Tour-795
3780,Étuve-604
3781,Broyeur-959
3782,Presse-754
3783,Tour-833
3784,Étuve-246
3785,Perceuse-214
3786,Convoyeur-312
3787,Fraiseuse-500
3788,Centrifugeuse-747
3789,Étuve-979
3790,Convoyeur-313
3791,Presse-845
3792,Étuve-734
3793,Presse-757
3794,Centrifugeuse-976
3795,Robot-555
3796,Étuve-376
3797,Robot-433
3798,Presse-460
3799,Malaxeur-245
3800,Broyeur-925
3801,Perceuse-538
3802,Malaxeur-902
3803,Presse-648
3804,Fraiseuse-818
3805,Broyeur-608
3806,Perceuse-509
3807,Étuve-186
3808,Étuve-312
3809,Fraiseuse-584
3810,Malaxeur-378
3811,Étuve-812
3812,Perceuse-996
3813,Robot-434
3814,Tour-233
3815,Centrifugeuse-682
3816,Étuve-232
3817,Centrifugeuse-142
3818,Robot-578
3819,Robot-109
3820,Malaxeur-730
3821,Tour-390
3822,Fraiseuse-277
3823,Étuve-905
3824,Presse-491
3825,Tour-268
3826,Centrifugeuse-375
3827,Tour-780
3828,Malaxeur-762
3829,Perceuse-315
3830,Perceuse-863
3831,Perceuse-538
3832,Tour-325
3833,Malaxeur-177
3834,Robot-628
3835,Tour-739
3836,Tour-100
3837,Perceuse-523
3838,Broyeur-154
3839,Robot-851
3840,Presse-998
3841,Fraiseuse-273
3842,Tour-670
3843,Fraiseuse-776
3844,Fraiseuse-554
3845,Perceuse-882
3846,Tour-342
3847,Presse-905
3848,Presse-217
3849,Centrifugeuse-554
3850,Perceuse-781
3851,Robot-483
3852,Malaxeur-957
3853,Malaxeur-558
3854,Perceuse-655
3855,Broyeur-237
3856,Fraiseuse-806
3857,Perceuse-503
3858,Malaxeur-158
3859,Tour-573
3860,Presse-855
3861,Presse-712
3862,Presse-173
3863,Tour-757
3864,Perceuse-446
3865,Malaxeur-408
3866,Tour-764
3867,Presse-625
3868,Presse-832
3869,Étuve-325
3870,Malaxeur-681
3871,Broyeur-420
3872,Robot-664
3873,Fraiseuse-400
3874,Robot-825
3875,Convoyeur-291
3876,Perceuse-691
3877,Robot-931
3878,Convoyeur-153
3879,Presse-576
3880,Robot-429
3881,Perceuse-494
3882,Perceuse-431
3883,Broyeur-221
3884,Broyeur-942
3885,Fraiseuse-596
3886,Malaxeur-761
3887,Fraiseuse-903
3888,Convoyeur-778
3889,Étuve-404
3890,Tour-332
3891,Perceuse-382
3892,Presse-896
3893,Convoyeur-886
3894,Convoyeur-186
3895,Robot-218
3896,Étuve-581
3897,Robot-587
3898,Étuve-733
3899,Tour-964
3900,Robot-892
3901,Centrifugeuse-446
3902,Malaxeur-440
3903,Tour-563
3904,Centrifugeuse-322
3905,Perceuse-682
3906,Robot-530
3907,Convoyeur-208
3908,Tour-648
3909,Malaxeur-173
3910,Fraiseuse-775
3911,Centrifugeuse-622
3912,Convoyeur-930
3913,Presse-754
3914,Broyeur-332
3915,Tour-309
3916,Tour-467
3917,Fraiseuse-652
3918,Robot-588
3919,Centrifugeuse-493
3920,Presse-263
3921,Centrifugeuse-800
3922,Étuve-713
3923,Tour-841
3924,Tour-485
3925,Tour-939
3926,Perceuse-718
3927,Malaxeur-461
3928,Presse-897
3929,Presse-119
3930,Convoyeur-702
3931,Presse-637
3932,Malaxeur-548
3933,Tour-265
3934,Robot-286
3935,Robot-652
3936,Malaxeur-281
3937,Convoyeur-333
3938,Tour-194
3939,Centrifugeuse-804
3940,Presse-802
3941,Centrifugeuse-616
3942,Malaxeur-552
3943,Centrifugeuse-490
3944,Fraiseuse-459
3945,Broyeur-955
3946,Malaxeur-168
3947,Perceuse-744
3948,Broyeur-704
3949,Étuve-585
3950,Presse-186
3951,Malaxeur-171
3952,Convoyeur-829
3953,Perceuse-318
3954,Broyeur-241
3955,Malaxeur-636
3956,Centrifugeuse-789
3957,Étuve-928
3958,Broyeur-696
3959,Robot-392
3960,Presse-435
3961,Étuve-371
3962,Malaxeur-875
3963,Centrifugeuse-642
3964,Perceuse-183
3965,Broyeur-795
3966,Perceuse-878
3967,Centrifugeuse-377
3968,Presse-350
3969,Convoyeur-486
3970,Malaxeur-290
3971,Centrifugeuse-847
3972,Presse-228
3973,Fraiseuse-571
3974,Tour-214
3975,Presse-659
3976,Tour-589
3977,Robot-143
3978,Malaxeur-420
3979,Malaxeur-315
3980,Perceuse-783
3981,Tour-781
3982,Broyeur-407
3983,Centrifugeuse-698
3984,Convoyeur-910
3985,Étuve-836
3986,Presse-762
3987,Broyeur-794
3988,Malaxeur-384
3989,Étuve-283
3990,Centrifugeuse-343
3991,Perceuse-418
3992,Tour-161
3993,Malaxeur-664
3994,Étuve-338
3995,Étuve-602
3996,Malaxeur-701
3997,Tour-167
3998,Perceuse-562
3999,Presse-596
4000,Convoyeur-479
4001,Malaxeur-927
4002,Perceuse-656
4003,Tour-996
4004,Presse-897
4005,Malaxeur-416
4006,Presse-816
4007,Centrifugeuse-358
4008,Broyeur-523
4009,Broyeur-746
4010,Presse-530
4011,Perceuse-411
4012,Malaxeur-882
4013,Robot-550
4014,Étuve-641
4015,Tour-535
4016,Fraiseuse-831
4017,Étuve-621
4018,Broyeur-207
4019,Presse-739
4020,Broyeur-568
4021,Broyeur-821
4022,Fraiseuse-318
4023,Robot-316
4024,Étuve-783
4025,Tour-989
4026,Perceuse-314
4027,Malaxeur-441
4028,Robot-422
4029,Perceuse-388
4030,Étuve-948
4031,Étuve-761
4032,Convoyeur-633
4033,Broyeur-983
4034,Étuve-862
4035,Tour-839
4036,Malaxeur-915
4037,Centrifugeuse-903
4038,Centrifugeuse-473
4039,Étuve-827
4040,Broyeur-980
4041,Tour-232
4042,Convoyeur-223
4043,Centrifugeuse-129
4044,Étuve-337
4045,Presse-692
4046,Étuve-892
4047,Fraiseuse-964
4048,Fraiseuse-923
4049,Tour-297
4050,Étuve-893
4051,Robot-741
4052,Broyeur-896
4053,Tour-131
4054,Centrifugeuse-396
4055,Robot-911
4056,Centrifugeuse-967
4057,Broyeur-227
4058,Fraiseuse-965
4059,Centrifugeuse-573
4060,Centrifugeuse-793
4061,Étuve-551
4062,Presse-598
4063,Broyeur-620
4064,Robot-904
4065,Malaxeur-287
4066,Tour-619
4067,Étuve-684
4068,Robot-397
4069,Convoyeur-282
4070,Perceuse-911
4071,Malaxeur-569
4072,Perceuse-686
4073,Robot-759
4074,Convoyeur-136
4075,Étuve-956
4076,Fraiseuse-352
4077,Étuve-967
4078,Robot-393
4079,Perceuse-159
4080,Fraiseuse-804
4081,Tour-684
4082,Perceuse-695
4083,Malaxeur-630
4084,Malaxeur-151
4085,Perceuse-842
4086,Convoyeur-518
4087,Étuve-646
4088,Fraiseuse-676
4089,Étuve-209
4090,Robot-286
4091,Centrifugeuse-679
4092,Tour-565
4093,Malaxeur-116
4094,Perceuse-731
4095,Convoyeur-868
4096,Malaxeur-924
4097,Fraiseuse-616
4098,Robot-553
4099,Presse-985
4100,Centrifugeuse-567
4101,Broyeur-335
4102,Broyeur-357
4103,Perceuse-726
4104,Étuve-764
4105,Perceuse-924
4106,Presse-808
4107,Broyeur-245
4108,Broyeur-268
4109,Étuve-859
4110,Tour-303
4111,Fraiseuse-832
4112,Fraiseuse-340
4113,Convoyeur-165
4114,Perceuse-196
4115,Perceuse-531
4116,Fraiseuse-415
4117,Fraiseuse-658
4118,Perceuse-279
4119,Presse-728
4120,Broyeur-661
4121,Étuve-302
4122,Convoyeur-899
4123,Convoyeur-196
4124,Centrifugeuse-179
4125,Perceuse-748
4126,Étuve-934
4127,Convoyeur-236
4128,Malaxeur-615
4129,Tour-925
4130,Robot-570
4131,Étuve-430
4132,Presse-638
4133,Malaxeur-396
4134,Broyeur-210
4135,Presse-953
4136,Presse-310
4137,Centrifugeuse-232
4138,Étuve-250
4139,Robot-240
4140,Étuve-827
4141,Broyeur-579
4142,Malaxeur-447
4143,Étuve-693
4144,Convoyeur-787
4145,Presse-601
4146,Presse-830
4147,Tour-555
4148,Fraiseuse-898
4149,Broyeur-393
4150,Tour-632
4151,Convoyeur-610
4152,Tour-447
4153,Malaxeur-462
4154,Convoyeur-957
4155,Fraiseuse-939
4156,Fraiseuse-588
4157,Étuve-636
4158,Tour-924
4159,Broyeur-445
4160,Robot-493
4161,Broyeur-840
4162,Malaxeur-775
4163,Centrifugeuse-838
4164,Centrifugeuse-589
4165,Malaxeur-438
4166,Presse-630
4167,Perceuse-182
4168,Tour-972
4169,Malaxeur-697
4170,Étuve-973
4171,Robot-331
4172,Centrifugeuse-253
4173,Centrifugeuse-888
4174,Robot-897
4175,Fraiseuse-739
4176,Étuve-542
4177,Robot-225
4178,Centrifugeuse-361
4179,Presse-961
4180,Broyeur-363
4181,Malaxeur-282
4182,Malaxeur-408
4183,Broyeur-916
4184,Robot-566
4185,Malaxeur-204
4186,Robot-965
4187,Presse-967
4188,Broyeur-867
4189,Broyeur-420
4190,Convoyeur-865
4191,Broyeur-901
4192,Malaxeur-126
4193,Malaxeur-948
4194,Tour-931
4195,Presse-308
4196,Broyeur-528
4197,Centrifugeuse-221
4198,Fraiseuse-891
4199,Fraiseuse-326
4200,Tour-710
4201,Étuve-708
4202,Robot-394
4203,Centrifugeuse-962
4204,Fraiseuse-984
4205,Presse-563
4206,Malaxeur-175
4207,Broyeur-420
4208,Malaxeur-525
4209,Fraiseuse-589
4210,Robot-676
4211,Fraiseuse-625
4212,Robot-863
4213,Broyeur-595
4214,Centrifugeuse-226
4215,Centrifugeuse-255
4216,Étuve-459
4217,Broyeur-145
4218,Convoyeur-359
4219,Étuve-941
4220,Convoyeur-533
4221,Convoyeur-377
4222,Malaxeur-748
4223,Tour-426
4224,Robot-658
4225,Robot-423
4226,Robot-795
4227,Presse-373
4228,Fraiseuse-338
4229,Étuve-294
4230,Perceuse-529
4231,Convoyeur-573
4232,Étuve-594
4233,Malaxeur-935
4234,Tour-717
4235,Fraiseuse-144
4236,Robot-302
4237,Malaxeur-261
4238,Convoyeur-313
4239,Perceuse-246
4240,Broyeur-560
4241,Presse-744
4242,Étuve-233
4243,Tour-891
4244,Broyeur-962
4245,Robot-357
4246,Tour-464
4247,Presse-204
4248,Fraiseuse-430
4249,Robot-790
4250,Perceuse-221
4251,Presse-464
4252,Étuve-846
4253,Perceuse-245
4254,Fraiseuse-315
4255,Presse-540
4256,Étuve-847
4257,Convoyeur-314
4258,Centrifugeuse-191
4259,Étuve-518
4260,Étuve-341
4261,Centrifugeuse-668
4262,Robot-992
4263,Perceuse-884
4264,Convoyeur-762
4265,Fraiseuse-918
4266,Étuve-931
4267,Tour-548
4268,Broyeur-186
4269,Presse-234
4270,Étuve-370
4271,Robot-550
4272,Centrifugeuse-849
4273,Fraiseuse-253
4274,Convoyeur-433
4275,Étuve-752
4276,Fraiseuse-562
4277,Centrifugeuse-714
4278,Robot-411
4279,Perceuse-948
4280,Étuve-867
4281,Broyeur-885
4282,Centrifugeuse-126
4283,Convoyeur-230
4284,Broyeur-403
4285,Étuve-937
4286,Centrifugeuse-108
4287,Malaxeur-210
4288,Étuve-668
4289,Centrifugeuse-367
4290,Presse-382
4291,Broyeur-150
4292,Étuve-194
4293,Broyeur-558
4294,Étuve-298
4295,Fraiseuse-181
4296,Presse-328
4297,Presse-987
4298,Centrifugeuse-903
4299,Broyeur-585
4300,Fraiseuse-926
4301,Centrifugeuse-526
4302,Presse-578
4303,Malaxeur-876
4304,Broyeur-985
4305,Malaxeur-107
4306,Fraiseuse-980
4307,Robot-669
4308,Robot-991
4309,Convoyeur-443
4310,Convoyeur-771
4311,Convoyeur-860
4312,Perceuse-722
4313,Robot-751
4314,Broyeur-396
4315,Malaxeur-335
4316,Perceuse-588
4317,Malaxeur-514
4318,Tour-352
4319,Presse-685
4320,Presse-202
4321,Tour-412
4322,Centrifugeuse-456
4323,Tour-949
4324,Centrifugeuse-822
4325,Centrifugeuse-145
4326,Étuve-380
4327,Convoyeur-194
4328,Malaxeur-909
4329,Broyeur-921
4330,Étuve-132
4331,Perceuse-793
4332,Robot-593
4333,Tour-990
4334,Fraiseuse-474
4335,Étuve-539
4336,Broyeur-461
4337,Étuve-689
4338,Tour-184
4339,Tour-832
4340,Centrifugeuse-459
4341,Centrifugeuse-845
4342,Tour-868
4343,Malaxeur-371
4344,Centrifugeuse-705
4345,Fraiseuse-532
4346,Broyeur-528
4347,Presse-123
4348,Étuve-778
4349,Étuve-631
4350,Convoyeur-896
4351,Étuve-910
4352,Tour-501
4353,Perceuse-446
4354,Robot-785
4355,Étuve-531
4356,Broyeur-565
4357,Centrifugeuse-214
4358,Fraiseuse-180
4359,Robot-886
4360,Malaxeur-152
4361,Malaxeur-387
4362,Malaxeur-118
4363,Malaxeur-776
4364,Fraiseuse-476
4365,Robot-439
4366,Centrifugeuse-865
4367,Étuve-849
4368,Tour-195
4369,Robot-203
4370,Tour-668
4371,Perceuse-941
4372,Presse-739
4373,Tour-670
4374,Broyeur-943
4375,Robot-646
4376,Broyeur-513
4377,Malaxeur-978
4378,Convoyeur-294
4379,Convoyeur-630
4380,Fraiseuse-650
4381,Robot-883
4382,Robot-618
4383,Malaxeur-824
4384,Presse-130
4385,Broyeur-344
4386,Presse-870
4387,Centrifugeuse-168
4388,Malaxeur-608
4389,Centrifugeuse-155
4390,Malaxeur-435
4391,Malaxeur-742
4392,Robot-397
4393,Tour-362
4394,Tour-540
4395,Presse-798
4396,Étuve-470
4397,Malaxeur-515
4398,Perceuse-733
4399,Convoyeur-468
4400,Tour-738
4401,Malaxeur-948
4402,Broyeur-840
4403,Broyeur-702
4404,Centrifugeuse-922
4405,Tour-745
4406,Centrifugeuse-307
4407,Robot-267
4408,Perceuse-756
4409,Convoyeur-990
4410,Tour-274
4411,Fraiseuse-937
4412,Malaxeur-219
4413,Centrifugeuse-979
4414,Perceuse-667
4415,Broyeur-186
4416,Broyeur-181
4417,Broyeur-754
4418,Tour-384
4419,Étuve-366
4420,Fraiseuse-569
4421,Robot-679
4422,Convoyeur-855
4423,Perceuse-739
4424,Malaxeur-101
4425,Broyeur-148
4426,Presse-235
4427,Malaxeur-949
4428,Broyeur-528
4429,Malaxeur-851
4430,Perceuse-240
4431,Centrifugeuse-182
4432,Perceuse-125
4433,Centrifugeuse-499
4434,Presse-550
4435,Centrifugeuse-280
4436,Malaxeur-411
4437,Convoyeur-931
4438,Convoyeur-846
4439,Fraiseuse-454
4440,Broyeur-190
4441,Convoyeur-864
4442,Presse-324
4443,Fraiseuse-794
4444,Tour-469
4445,Centrifugeuse-844
4446,Centrifugeuse-610
4447,Robot-432
4448,Étuve-403
4449,Centrifugeuse-180
4450,Robot-872
4451,Étuve-561
4452,Perceuse-105
4453,Broyeur-705
4454,Centrifugeuse-310
4455,Centrifugeuse-134
4456,Tour-813
4457,Tour-588
4458,Robot-929
4459,Fraiseuse-801
4460,Presse-655
4461,Centrifugeuse-490
4462,Convoyeur-523
4463,Étuve-710
4464,Fraiseuse-291
4465,Centrifugeuse-746
4466,Convoyeur-977
4467,Perceuse-604
4468,Centrifugeuse-962
4469,Fraiseuse-876
4470,Centrifugeuse-446
4471,Centrifugeuse-733
4472,Tour-589
4473,Convoyeur-233
4474,Broyeur-785
4475,Robot-891
4476,Fraiseuse-390
4477,Robot-197
4478,Fraiseuse-676
4479,Convoyeur-644
4480,Tour-600
4481,Étuve-254
4482,Centrifugeuse-405
4483,Convoyeur-553
4484,Malaxeur-134
4485,Convoyeur-925
4486,Robot-627
4487,Presse-267
4488,Malaxeur-325
4489,Perceuse-792
4490,Malaxeur-989
4491,Tour-654
4492,Fraiseuse-311
4493,Fraiseuse-915
4494,Broyeur-942
4495,Fraiseuse-947
4496,Centrifugeuse-497
4497,Presse-562
4498,Broyeur-525
4499,Broyeur-146
4500,Tour-938
4501,Fraiseuse-114
4502,Presse-872
4503,Broyeur-268
4504,Presse-621
4505,Broyeur-183
4506,Fraiseuse-676
4507,Centrifugeuse-823
4508,Perceuse-296
4509,Broyeur-864
4510,Convoyeur-260
4511,Malaxeur-358
4512,Broyeur-621
4513,Étuve-193
4514,Malaxeur-255
4515,Robot-268
4516,Convoyeur-959
4517,Perceuse-551
4518,Tour-752
4519,Tour-310
4520,Tour-778
4521,Malaxeur-595
4522,Broyeur-317
4523,Tour-150
4524,Centrifugeuse-956
4525,Robot-178
4526,Convoyeur-919
4527,Étuve-398
4528,Presse-723
4529,Fraiseuse-799
4530,Robot-313
4531,Fraiseuse-883
4532,Convoyeur-550
4533,Convoyeur-793
4534,Malaxeur-872
4535,Centrifugeuse-359
4536,Convoyeur-717
4537,Malaxeur-651
4538,Tour-119
4539,Robot-663
4540,Tour-184
4541,Presse-417
4542,Presse-660
4543,Convoyeur-248
4544,Centrifugeuse-797
4545,Étuve-282
4546,Presse-708
4547,Tour-765
4548,Centrifugeuse-371
4549,Presse-960
4550,Broyeur-874
4551,Convoyeur-646
4552,Tour-900
4553,Convoyeur-526
4554,Fraiseuse-191
4555,Robot-531
4556,Fraiseuse-653
4557,Malaxeur-942
4558,Perceuse-106
4559,Convoyeur-386
4560,Perceuse-533
4561,Centrifugeuse-254
4562,Centrifugeuse-568
4563,Malaxeur-584
4564,Tour-267
4565,Convoyeur-740
4566,Malaxeur-963
4567,Malaxeur-699
4568,Perceuse-135
4569,Tour-783
4570,Étuve-350
4571,Malaxeur-257
4572,Fraiseuse-750
4573,Perceuse-252
4574,Perceuse-932
4575,Robot-515
4576,Robot-865
4577,Étuve-153
4578,Perceuse-135
4579,Tour-628
4580,Presse-887
4581,Broyeur-889
4582,Étuve-233
4583,Tour-109
4584,Malaxeur-288
4585,Fraiseuse-864
4586,Convoyeur-424
4587,Perceuse-485
4588,Étuve-467
4589,Centrifugeuse-632
4590,Centrifugeuse-381
4591,Convoyeur-334
4592,Malaxeur-283
4593,Malaxeur-175
4594,Perceuse-976
4595,Robot-502
4596,Perceuse-210
4597,Étuve-663
4598,Convoyeur-444
4599,Broyeur-528
4600,Broyeur-862
4601,Robot-201
4602,Tour-302
4603,Perceuse-926
4604,Centrifugeuse-359
4605,Fraiseuse-662
4606,Presse-313
4607,Étuve-542
4608,Presse-204
4609,Fraiseuse-110
4610,Broyeur-146
4611,Tour-810
4612,Broyeur-166
4613,Centrifugeuse-385
4614,Malaxeur-191
4615,Fraiseuse-833
4616,Étuve-639
4617,Robot-137
4618,Robot-694
4619,Fraiseuse-577
4620,Robot-488
4621,Convoyeur-642
4622,Perceuse-910
4623,Fraiseuse-576
4624,Fraiseuse-626
4625,Étuve-439
4626,Broyeur-843
4627,Presse-513
4628,Broyeur-757
4629,Malaxeur-319
4630,Tour-494
4631,Tour-456
4632,Malaxeur-969
4633,Tour-637
4634,Broyeur-510
4635,Broyeur-356
4636,Perceuse-942
4637,Centrifugeuse-678
4638,Convoyeur-698
4639,Étuve-609
4640,Malaxeur-537
4641,Presse-233
4642,Tour-577
4643,Tour-335
4644,Presse-288
4645,Fraiseuse-585
4646,Presse-653
4647,Presse-599
4648,Étuve-490
4649,Fraiseuse-113
4650,Malaxeur-797
4651,Robot-485
4652,Étuve-546
4653,Centrifugeuse-954
4654,Tour-464
4655,Fraiseuse-231
4656,Étuve-515
4657,Centrifugeuse-440
4658,Malaxeur-221
4659,Tour-291
4660,Broyeur-111
4661,Presse-790
4662,Tour-617
4663,Convoyeur-243
4664,Convoyeur-965
4665,Convoyeur-679
4666,Tour-438
4667,Fraiseuse-523
4668,Convoyeur-193
4669,Malaxeur-274
4670,Perceuse-757
4671,Étuve-579
4672,Fraiseuse-666
4673,Tour-605
4674,Broyeur-319
4675,Étuve-232
4676,Robot-568
4677,Convoyeur-975
4678,Convoyeur-353
4679,Robot-805
4680,Presse-979
4681,Malaxeur-264
4682,Fraiseuse-461
4683,Perceuse-462
4684,Centrifugeuse-692
4685,Malaxeur-509
4686,Presse-237
4687,Tour-852
4688,Tour-897
4689,Fraiseuse-347
4690,Étuve-662
4691,Perceuse-592
4692,Fraiseuse-256
4693,Perceuse-569
4694,Broyeur-114
4695,Robot-343
4696,Robot-543
4697,Convoyeur-330
4698,Robot-839
4699,Robot-263
4700,Presse-419
4701,Broyeur-374
4702,Presse-842
4703,Perceuse-696
4704,Centrifugeuse-276
4705,Robot-871
4706,Centrifugeuse-399
4707,Tour-710
4708,Malaxeur-296
4709,Malaxeur-325
4710,Centrifugeuse-692
4711,Étuve-882
4712,Perceuse-929
4713,Perceuse-502
4714,Centrifugeuse-343
4715,Convoyeur-795
4716,Tour-549
4717,Robot-597
4718,Convoyeur-965
4719,Perceuse-502
4720,Broyeur-393
4721,Tour-461
4722,Tour-560
4723,Convoyeur-997
4724,Perceuse-371
4725,Centrifugeuse-971
4726,Presse-402
4727,Centrifugeuse-576
4728,Centrifugeuse-539
4729,Malaxeur-456
4730,Étuve-218
4731,Broyeur-254
4732,Broyeur-446
4733,Malaxeur-636
4734,Tour-528
4735,Broyeur-360
4736,Broyeur-232
4737,Broyeur-131
4738,Tour-471
4739,Convoyeur-825
4740,Robot-537
4741,Convoyeur-517
4742,Broyeur-807
4743,Broyeur-955
4744,Étuve-459
4745,Centrifugeuse-689
4746,Broyeur-524
4747,Centrifugeuse-681
4748,Robot-170
4749,Fraiseuse-193
4750,Malaxeur-928
4751,Robot-622
4752,Convoyeur-303
4753,Tour-114
4754,Convoyeur-649
4755,Malaxeur-779
4756,Convoyeur-180
4757,Robot-745
4758,Tour-383
4759,Presse-342
4760,Broyeur-392
4761,Broyeur-218
4762,Tour-967
4763,Fraiseuse-498
4764,Presse-141
4765,Broyeur-477
4766,Robot-856
4767,Centrifugeuse-217
4768,Étuve-918
4769,Presse-255
4770,Fraiseuse-767
4771,Étuve-226
4772,Malaxeur-473
4773,Centrifugeuse-580
4774,Malaxeur-341
4775,Broyeur-719
4776,Perceuse-308
4777,Malaxeur-809
4778,Convoyeur-671
4779,Broyeur-933
4780,Malaxeur-351
4781,Fraiseuse-689
4782,Broyeur-581
4783,Tour-710
4784,Perceuse-897
4785,Malaxeur-700
4786,Tour-542
4787,Malaxeur-504
4788,Malaxeur-785
4789,Malaxeur-697
4790,Presse-570
4791,Convoyeur-109
4792,Fraiseuse-883
4793,Presse-498
4794,Centrifugeuse-835
4795,Étuve-683
4796,Malaxeur-760
4797,Convoyeur-793
4798,Malaxeur-691
4799,Tour-799
4800,Étuve-345
4801,Perceuse-350
4802,Perceuse-390
4803,Fraiseuse-293
4804,Broyeur-427
4805,Presse-296
4806,Fraiseuse-484
4807,Robot-678
4808,Malaxeur-559
4809,Convoyeur-223
4810,Fraiseuse-299
4811,Étuve-131
4812,Perceuse-390
4813,Broyeur-963
4814,Tour-483
4815,Centrifugeuse-488
4816,Presse-534
4817,Perceuse-890
4818,Fraiseuse-905
4819,Presse-275
4820,Centrifugeuse-729
4821,Malaxeur-687
4822,Perceuse-141
4823,Malaxeur-113
4824,Tour-650
4825,Robot-132
4826,Étuve-353
4827,Broyeur-905
4828,Perceuse-239
4829,Fraiseuse-176
4830,Robot-480
4831,Presse-926
4832,Fraiseuse-830
4833,Tour-489
4834,Broyeur-234
4835,Robot-545
4836,Robot-853
4837,Perceuse-186
4838,Fraiseuse-459
4839,Broyeur-898
4840,Centrifugeuse-711
4841,Centrifugeuse-509
4842,Centrifugeuse-167
4843,Tour-818
4844,Centrifugeuse-238
4845,Presse-455
4846,Broyeur-158
4847,Convoyeur-966
4848,Broyeur-419
4849,Convoyeur-951
4850,Convoyeur-401
4851,Étuve-826
4852,Fraiseuse-809
4853,Malaxeur-274
4854,Convoyeur-337
4855,Tour-460
4856,Presse-255
4857,Robot-704
4858,Perceuse-494
4859,Broyeur-678
4860,Robot-657
4861,Tour-677
4862,Broyeur-774
4863,Centrifugeuse-109
4864,Convoyeur-986
4865,Étuve-997
4866,Fraiseuse-696
4867,Convoyeur-342
4868,Convoyeur-825
4869,Fraiseuse-474
4870,Malaxeur-217
4871,Convoyeur-840
4872,Centrifugeuse-692
4873,Broyeur-824
4874,Malaxeur-665
4875,Centrifugeuse-797
4876,Centrifugeuse-819
4877,Fraiseuse-449
4878,Centrifugeuse-336
4879,Perceuse-763
4880,Fraiseuse-118
4881,Perceuse-473
4882,Robot-623
4883,Perceuse-535
4884,Presse-452
4885,Broyeur-227
4886,Broyeur-966
4887,Étuve-264
4888,Broyeur-595
4889,Étuve-491
4890,Fraiseuse-417
4891,Convoyeur-621
4892,Perceuse-945
4893,Étuve-775
4894,Perceuse-417
4895,Tour-135
4896,Centrifugeuse-432
4897,Centrifugeuse-723
4898,Tour-299
4899,Perceuse-659
4900,Robot-828
4901,Robot-183
4902,Presse-874
4903,Fraiseuse-731
4904,Fraiseuse-274
4905,Robot-862
4906,Broyeur-706
4907,Robot-519
4908,Robot-457
4909,Perceuse-971
4910,Fraiseuse-801
4911,Convoyeur-180
4912,Convoyeur-583
4913,Convoyeur-562
4914,Centrifugeuse-144
4915,Étuve-385
4916,Broyeur-784
4917,Fraiseuse-633
4918,Convoyeur-942
4919,Fraiseuse-392
4920,Tour-771
4921,Centrifugeuse-654
4922,Centrifugeuse-609
4923,Tour-146
4924,Perceuse-923
4925,Perceuse-304
4926,Étuve-386
4927,Malaxeur-161
4928,Malaxeur-199
4929,Tour-415
4930,Presse-973
4931,Fraiseuse-692
4932,Fraiseuse-717
4933,Perceuse-358
4934,Tour-146
4935,Étuve-677
4936,Perceuse-189
4937,Étuve-424
4938,Broyeur-107
4939,Presse-460
4940,Robot-631
4941,Étuve-382
4942,Centrifugeuse-844
4943,Presse-699
4944,Étuve-144
4945,Convoyeur-109
4946,Tour-775
4947,Tour-839
4948,Centrifugeuse-773
4949,Étuve-487
4950,Convoyeur-866
4951,Robot-376
4952,Presse-445
4953,Perceuse-766
4954,Fraiseuse-412
4955,Robot-488
4956,Fraiseuse-795
4957,Fraiseuse-387
4958,Broyeur-708
4959,Presse-784
4960,Malaxeur-984
4961,Broyeur-825
4962,Convoyeur-722
4963,Étuve-966
4964,Malaxeur-643
4965,Tour-897
4966,Centrifugeuse-544
4967,Presse-378
4968,Presse-782
4969,Perceuse-159
4970,Convoyeur-971
4971,Perceuse-334
4972,Presse-529
4973,Robot-718
4974,Broyeur-179
4975,Malaxeur-376
4976,Tour-101
4977,Étuve-732
4978,Étuve-784
4979,Malaxeur-460
4980,Fraiseuse-303
4981,Perceuse-932
4982,Convoyeur-743
4983,Fraiseuse-440
4984,Robot-710
4985,Broyeur-357
4986,Fraiseuse-295
4987,Perceuse-542
4988,Robot-567
4989,Convoyeur-903
4990,Convoyeur-629
4991,Perceuse-805
4992,Centrifugeuse-827
4993,Tour-969
4994,Broyeur-509
4995,Étuve-132
4996,Presse-240
4997,Centrifugeuse-595
4998,Broyeur-698
4999,Broyeur-694
5000,Presse-956
