IdT,nom_territoire
1,Bretagne-04
2,Bourgogne-32
3,Alsace-18
4,Bretagne-87
5,Lorraine-12
6,Champagne-55
7,Normandie-04
8,Bretagne-28
9,Alsace-65
10,Champagne-04
11,Lorraine-26
12,Lorraine-54
13,Alsace-58
14,Champagne-36
15,Normandie-98
16,Provence-90
17,Limousin-44
18,Bourgogne-20
19,Alsace-98
20,Auvergne-14
21,Bretagne-49
22,Bretagne-46
23,Auvergne-78
24,Bourgogne-06
25,Picardie-69
26,Bretagne-49
27,Bretagne-71
28,Bourgogne-81
29,Champagne-47
30,Champagne-25
31,Bretagne-06
32,Alsace-99
33,Bourgogne-11
34,Alsace-13
35,Limousin-36
36,Picardie-82
37,Auvergne-21
38,Auvergne-46
39,Alsace-86
40,Bourgogne-90
41,Bretagne-78
42,Provence-69
43,Alsace-21
44,Picardie-49
45,Bourgogne-82
46,Lorraine-29
47,Auvergne-99
48,Normandie-30
49,Normandie-41
50,Limousin-35
51,Bretagne-28
52,Champagne-92
53,Auvergne-28
54,Picardie-51
55,Picardie-19
56,Bourgogne-18
57,Alsace-96
58,Lorraine-69
59,Bourgogne-96
60,Champagne-55
61,Champagne-52
62,Auvergne-29
63,Provence-66
64,Picardie-12
65,Normandie-15
66,Provence-81
67,Provence-88
68,Limousin-77
69,Bretagne-50
70,Limousin-77
71,Picardie-68
72,Bourgogne-71
73,Normandie-88
74,Bretagne-88
75,Lorraine-97
76,Bourgogne-99
77,Auvergne-15
78,Bourgogne-56
79,Provence-59
80,Normandie-93
81,Bourgogne-65
82,Provence-65
83,Bretagne-81
84,Bourgogne-82
85,Lorraine-78
86,Alsace-20
87,Auvergne-98
88,Provence-70
89,Lorraine-01
90,Champagne-42
91,Picardie-03
92,Bretagne-47
93,Bourgogne-31
94,Normandie-31
95,Champagne-11
96,Bretagne-94
97,Picardie-09
98,Lorraine-99
99,Provence-17
100,Picardie-71
101,Provence-34
102,Lorraine-78
103,Limousin-28
104,Lorraine-97
105,Alsace-92
106,Bourgogne-52
107,Auvergne-57
108,Lorraine-58
109,Bretagne-32
110,Alsace-09
111,Auvergne-03
112,Champagne-71
113,Alsace-76
114,Alsace-01
115,Bretagne-91
116,Normandie-30
117,Bretagne-05
118,Auvergne-10
119,Lorraine-31
120,Bourgogne-86
121,Picardie-28
122,Lorraine-17
123,Champagne-74
124,Picardie-32
125,Picardie-53
126,Alsace-13
127,Bretagne-85
128,Limousin-46
129,Limousin-53
130,Picardie-94
131,Normandie-87
132,Bretagne-08
133,Limousin-94
134,Auvergne-14
135,Alsace-25
136,Alsace-69
137,Picardie-18
138,Limousin-24
139,Bourgogne-60
140,Alsace-10
141,Picardie-71
142,Bretagne-07
143,Lorraine-02
144,Bretagne-97
145,Alsace-22
146,Limousin-63
147,Picardie-28
148,Limousin-08
149,Provence-49
150,Normandie-50
151,Bourgogne-59
152,Bourgogne-55
153,Lorraine-85
154,Picardie-20
155,Alsace-38
156,Alsace-08
157,Champagne-95
158,Lorraine-08
159,Auvergne-08
160,Normandie-75
161,Picardie-65
162,Lorraine-21
163,Normandie-66
164,Bretagne-24
165,Bretagne-77
166,Bretagne-87
167,Alsace-52
168,Bretagne-73
169,Alsace-75
170,Champagne-06
171,Champagne-11
172,Limousin-85
173,Champagne-73
174,Lorraine-41
175,Bourgogne-27
176,Auvergne-31
177,Bourgogne-51
178,Provence-86
179,Bourgogne-59
180,Auvergne-97
181,Bretagne-02
182,Picardie-80
183,Champagne-13
184,Bretagne-69
185,Alsace-65
186,Bourgogne-17
187,Auvergne-09
188,Alsace-48
189,Bourgogne-21
190,Picardie-70
191,Bourgogne-79
192,Lorraine-02
193,Lorraine-39
194,Bretagne-18
195,Bourgogne-15
196,Bretagne-96
197,Lorraine-20
198,Bourgogne-37
199,Champagne-27
200,Auvergne-27
201,Bourgogne-65
202,Picardie-33
203,Normandie-12
204,Limousin-36
205,Normandie-01
206,Auvergne-99
207,Provence-82
208,Bourgogne-21
209,Picardie-71
210,Limousin-72
211,Normandie-15
212,Bretagne-89
213,Provence-70
214,Normandie-48
215,Champagne-71
216,Provence-56
217,Provence-06
218,Bourgogne-47
219,Normandie-46
220,Alsace-88
221,Alsace-86
222,Bretagne-46
223,Lorraine-53
224,Champagne-96
225,Provence-31
226,Provence-23
227,Limousin-04
228,Provence-95
229,Auvergne-53
230,Alsace-35
231,Provence-90
232,Bretagne-49
233,Normandie-61
234,Alsace-26
235,Picardie-45
236,Bourgogne-30
237,Alsace-04
238,Alsace-52
239,Auvergne-36
240,Bretagne-99
241,Bourgogne-45
242,Lorraine-52
243,Lorraine-43
244,Normandie-15
245,Bourgogne-23
246,Champagne-34
247,Normandie-14
248,Champagne-56
249,Auvergne-94
250,Auvergne-56
251,Champagne-66
252,Bretagne-50
253,Champagne-25
254,Bourgogne-06
255,Limousin-01
256,Lorraine-69
257,Alsace-47
258,Limousin-09
259,Auvergne-80
260,Auvergne-85
261,Bretagne-93
262,Bourgogne-65
263,Bourgogne-86
264,Limousin-42
265,Limousin-90
266,Bourgogne-71
267,Provence-25
268,Limousin-86
269,Limousin-87
270,Provence-79
271,Champagne-39
272,Limousin-71
273,Normandie-39
274,Bourgogne-27
275,Limousin-75
276,Champagne-84
277,Auvergne-60
278,Picardie-57
279,Alsace-66
280,Picardie-95
281,Provence-85
282,Bretagne-37
283,Lorraine-85
284,Champagne-43
285,Bretagne-97
286,Alsace-87
287,Bourgogne-29
288,Alsace-19
289,Normandie-06
290,Alsace-61
291,Champagne-99
292,Bretagne-59
293,Limousin-81
294,Champagne-25
295,Limousin-64
296,Limousin-32
297,Provence-84
298,Normandie-97
299,Bretagne-55
300,Alsace-23
301,Lorraine-60
302,Normandie-72
303,Alsace-16
304,Picardie-18
305,Picardie-86
306,Lorraine-72
307,Champagne-41
308,Picardie-79
309,Lorraine-55
310,Lorraine-58
311,Provence-96
312,Picardie-58
313,Bourgogne-97
314,Alsace-82
315,Bourgogne-99
316,Lorraine-63
317,Alsace-36
318,Picardie-10
319,Bourgogne-31
320,Bourgogne-43
321,Auvergne-70
322,Bretagne-18
323,Provence-30
324,Limousin-89
325,Provence-91
326,Alsace-09
327,Limousin-53
328,Auvergne-70
329,Picardie-54
330,Normandie-27
331,Limousin-50
332,Champagne-90
333,Normandie-98
334,Champagne-49
335,Picardie-01
336,Auvergne-39
337,Limousin-54
338,Lorraine-96
339,Lorraine-78
340,Alsace-63
341,Alsace-35
342,Limousin-63
343,Normandie-50
344,Auvergne-86
345,Limousin-93
346,Provence-60
347,Provence-80
348,Lorraine-04
349,Limousin-76
350,Champagne-85
351,Normandie-11
352,Limousin-18
353,Picardie-24
354,Normandie-34
355,Limousin-42
356,Alsace-59
357,Auvergne-44
358,Limousin-36
359,Limousin-33
360,Bretagne-61
361,Normandie-96
362,Lorraine-07
363,Auvergne-29
364,Bretagne-84
365,Normandie-97
366,Normandie-32
367,Alsace-03
368,Champagne-20
369,Alsace-17
370,Picardie-86
371,Bretagne-73
372,Alsace-60
373,Bourgogne-99
374,Auvergne-22
375,Champagne-78
376,Bretagne-21
377,Bourgogne-14
378,Champagne-04
379,Bourgogne-74
380,Limousin-51
381,Alsace-10
382,Champagne-89
383,Alsace-14
384,Bourgogne-88
385,Champagne-16
386,Champagne-06
387,Auvergne-69
388,Limousin-85
389,Auvergne-09
390,Lorraine-83
391,Auvergne-02
392,Limousin-63
393,Bretagne-56
394,Auvergne-82
395,Picardie-91
396,Provence-56
397,Provence-94
398,Lorraine-84
399,Bourgogne-79
400,Lorraine-62
401,Picardie-56
402,Champagne-35
403,Auvergne-32
404,Bretagne-36
405,Picardie-32
406,Picardie-73
407,Champagne-86
408,Limousin-44
409,Normandie-64
410,Auvergne-24
411,Picardie-28
412,Auvergne-34
413,Auvergne-36
414,Champagne-90
415,Bourgogne-72
416,Normandie-67
417,Alsace-11
418,Alsace-93
419,Limousin-63
420,Lorraine-98
421,Alsace-89
422,Picardie-83
423,Picardie-58
424,Normandie-12
425,Bourgogne-29
426,Limousin-89
427,Alsace-40
428,Champagne-48
429,Picardie-71
430,Lorraine-45
431,Limousin-96
432,Lorraine-43
433,Auvergne-90
434,Picardie-35
435,Bourgogne-33
436,Alsace-16
437,Alsace-41
438,Bretagne-96
439,Lorraine-98
440,Provence-25
441,Alsace-95
442,Picardie-36
443,Champagne-98
444,Lorraine-77
445,Bourgogne-13
446,Alsace-38
447,Alsace-47
448,Provence-39
449,Normandie-91
450,Lorraine-17
451,Bourgogne-06
452,Normandie-71
453,Bourgogne-90
454,Provence-82
455,Picardie-14
456,Normandie-74
457,Bourgogne-61
458,Picardie-57
459,Auvergne-24
460,Normandie-33
461,Picardie-15
462,Bretagne-52
463,Picardie-10
464,Champagne-81
465,Normandie-20
466,Provence-73
467,Bourgogne-11
468,Alsace-16
469,Lorraine-98
470,Limousin-78
471,Champagne-80
472,Alsace-67
473,Limousin-58
474,Picardie-39
475,Champagne-55
476,Bourgogne-73
477,Champagne-08
478,Champagne-95
479,Bretagne-98
480,Alsace-81
481,Alsace-34
482,Bretagne-21
483,Alsace-23
484,Lorraine-10
485,Provence-01
486,Limousin-58
487,Champagne-61
488,Bourgogne-05
489,Alsace-37
490,Bourgogne-90
491,Picardie-10
492,Alsace-34
493,Champagne-85
494,Alsace-55
495,Bretagne-70
496,Alsace-83
497,Provence-35
498,Provence-10
499,Normandie-22
500,Bourgogne-77
501,Champagne-37
502,Picardie-16
503,Picardie-89
504,Bourgogne-90
505,Limousin-35
506,Lorraine-70
507,Picardie-57
508,Bretagne-77
509,Normandie-56
510,Auvergne-78
511,Bourgogne-04
512,Bretagne-30
513,Champagne-76
514,Normandie-98
515,Bourgogne-74
516,Normandie-98
517,Provence-61
518,Lorraine-84
519,Picardie-36
520,Provence-75
521,Limousin-82
522,Picardie-12
523,Picardie-45
524,Limousin-43
525,Auvergne-86
526,Bretagne-21
527,Auvergne-53
528,Picardie-37
529,Limousin-98
530,Lorraine-05
531,Picardie-12
532,Auvergne-33
533,Auvergne-15
534,Limousin-66
535,Normandie-85
536,Lorraine-60
537,Limousin-07
538,Alsace-67
539,Auvergne-80
540,Picardie-81
541,Picardie-98
542,Normandie-27
543,Bourgogne-71
544,Provence-37
545,Picardie-90
546,Picardie-16
547,Normandie-81
548,Champagne-31
549,Provence-40
550,Lorraine-02
551,Lorraine-53
552,Bretagne-29
553,Bretagne-60
554,Bretagne-83
555,Provence-64
556,Bourgogne-66
557,Bourgogne-54
558,Picardie-61
559,Alsace-59
560,Lorraine-19
561,Limousin-25
562,Champagne-66
563,Provence-09
564,Bourgogne-99
565,Limousin-44
566,Lorraine-35
567,Normandie-37
568,Bourgogne-76
569,Champagne-85
570,Picardie-20
571,Picardie-69
572,Picardie-45
573,Auvergne-71
574,Lorraine-49
575,Picardie-42
576,Alsace-90
577,Alsace-74
578,Limousin-30
579,Limousin-06
580,Auvergne-96
581,Picardie-91
582,Limousin-50
583,Provence-64
584,Normandie-17
585,Lorraine-76
586,Auvergne-13
587,Picardie-13
588,Lorraine-59
589,Normandie-93
590,Provence-53
591,Provence-10
592,Picardie-34
593,Auvergne-80
594,Limousin-84
595,Bretagne-43
596,Lorraine-49
597,Auvergne-81
598,Picardie-70
599,Normandie-80
600,Bretagne-31
601,Bourgogne-30
602,Bretagne-56
603,Bretagne-98
604,Bretagne-57
605,Provence-89
606,Bourgogne-04
607,Normandie-42
608,Normandie-38
609,Auvergne-48
610,Limousin-19
611,Alsace-68
612,Limousin-73
613,Provence-22
614,Provence-11
615,Champagne-49
616,Champagne-88
617,Alsace-64
618,Champagne-19
619,Alsace-60
620,Bourgogne-59
621,Bourgogne-86
622,Normandie-60
623,Bourgogne-87
624,Lorraine-21
625,Bretagne-57
626,Auvergne-76
627,Bourgogne-82
628,Limousin-89
629,Bourgogne-59
630,Bourgogne-26
631,Limousin-62
632,Bretagne-31
633,Limousin-74
634,Auvergne-74
635,Bourgogne-90
636,Bourgogne-03
637,Limousin-36
638,Normandie-73
639,Normandie-78
640,Picardie-37
641,Alsace-78
642,Auvergne-29
643,Alsace-80
644,Bourgogne-87
645,Provence-81
646,Bretagne-81
647,Normandie-40
648,Picardie-05
649,Champagne-47
650,Provence-12
651,Bourgogne-42
652,Limousin-23
653,Alsace-17
654,Lorraine-47
655,Lorraine-65
656,Bourgogne-22
657,Bourgogne-62
658,Bourgogne-96
659,Auvergne-15
660,Picardie-10
661,Provence-97
662,Alsace-87
663,Limousin-72
664,Auvergne-12
665,Limousin-02
666,Bourgogne-69
667,Bretagne-59
668,Auvergne-87
669,Bourgogne-75
670,Limousin-82
671,Auvergne-14
672,Alsace-61
673,Normandie-80
674,Lorraine-42
675,Champagne-29
676,Bretagne-82
677,Picardie-90
678,Bourgogne-84
679,Limousin-15
680,Provence-06
681,Normandie-39
682,Picardie-15
683,Bretagne-31
684,Lorraine-18
685,Limousin-59
686,Auvergne-86
687,Lorraine-54
688,Champagne-96
689,Provence-54
690,Bretagne-63
691,Champagne-53
692,Bourgogne-05
693,Auvergne-28
694,Picardie-57
695,Alsace-47
696,Bretagne-88
697,Auvergne-70
698,Auvergne-08
699,Limousin-36
700,Alsace-16
701,Picardie-12
702,Alsace-83
703,Champagne-03
704,Normandie-43
705,Alsace-17
706,Champagne-27
707,Bretagne-98
708,Lorraine-27
709,Champagne-28
710,Alsace-43
711,Provence-77
712,Normandie-36
713,Provence-17
714,Lorraine-33
715,Provence-15
716,Normandie-17
717,Normandie-46
718,Alsace-76
719,Auvergne-03
720,Provence-34
721,Normandie-17
722,Limousin-68
723,Bretagne-96
724,Bretagne-61
725,Picardie-47
726,Lorraine-76
727,Bretagne-58
728,Lorraine-29
729,Champagne-06
730,Lorraine-39
731,Picardie-83
732,Normandie-08
733,Picardie-52
734,Limousin-88
735,Bretagne-63
736,Picardie-10
737,Bretagne-42
738,Champagne-19
739,Bretagne-17
740,Bourgogne-80
741,Champagne-71
742,Auvergne-49
743,Champagne-68
744,Bourgogne-59
745,Lorraine-78
746,Limousin-13
747,Bretagne-84
748,Lorraine-93
749,Alsace-56
750,Picardie-30
751,Limousin-44
752,Picardie-52
753,Limousin-94
754,Bretagne-41
755,Limousin-41
756,Bourgogne-48
757,Provence-88
758,Picardie-09
759,Bretagne-11
760,Bretagne-56
761,Bretagne-96
762,Auvergne-17
763,Lorraine-08
764,Champagne-72
765,Lorraine-43
766,Bretagne-53
767,Auvergne-86
768,Limousin-93
769,Normandie-37
770,Champagne-40
771,Auvergne-14
772,Champagne-65
773,Alsace-20
774,Picardie-29
775,Bretagne-45
776,Lorraine-48
777,Bretagne-98
778,Bourgogne-74
779,Alsace-55
780,Lorraine-99
781,Champagne-79
782,Lorraine-04
783,Champagne-85
784,Bourgogne-04
785,Provence-35
786,Bourgogne-44
787,Auvergne-01
788,Provence-19
789,Champagne-85
790,Limousin-09
791,Provence-95
792,Normandie-12
793,Lorraine-28
794,Limousin-54
795,Picardie-44
796,Provence-48
797,Bourgogne-93
798,Auvergne-73
799,Champagne-11
800,Normandie-20
801,Provence-97
802,Champagne-07
803,Bretagne-35
804,Picardie-85
805,Limousin-63
806,Champagne-57
807,Limousin-35
808,Alsace-97
809,Lorraine-15
810,Auvergne-56
811,Bretagne-37
812,Champagne-63
813,Lorraine-86
814,Bourgogne-06
815,Alsace-51
816,Champagne-08
817,Normandie-27
818,Bourgogne-28
819,Provence-98
820,Bourgogne-38
821,Auvergne-16
822,Normandie-64
823,Limousin-23
824,Provence-49
825,Lorraine-91
826,Alsace-65
827,Lorraine-86
828,Auvergne-10
829,Limousin-95
830,Normandie-56
831,Normandie-59
832,Bretagne-41
833,Champagne-55
834,Champagne-52
835,Limousin-38
836,Bretagne-52
837,Normandie-42
838,Provence-80
839,Picardie-89
840,Auvergne-12
841,Limousin-14
842,Alsace-56
843,Champagne-52
844,Lorraine-11
845,Limousin-40
846,Auvergne-29
847,Auvergne-22
848,Bretagne-66
849,Bretagne-68
850,Lorraine-25
851,Auvergne-45
852,Provence-31
853,Bretagne-19
854,Bourgogne-26
855,Provence-78
856,Provence-98
857,Bretagne-23
858,Picardie-60
859,Champagne-98
860,Champagne-58
861,Champagne-83
862,Champagne-42
863,Auvergne-20
864,Picardie-09
865,Picardie-57
866,Bourgogne-36
867,Champagne-08
868,Auvergne-65
869,Bretagne-40
870,Picardie-58
871,Normandie-08
872,Auvergne-37
873,Bretagne-83
874,Bretagne-79
875,Champagne-65
876,Limousin-60
877,Champagne-71
878,Normandie-58
879,Champagne-84
880,Alsace-42
881,Champagne-61
882,Lorraine-20
883,Normandie-58
884,Bretagne-44
885,Bretagne-65
886,Provence-06
887,Alsace-91
888,Picardie-57
889,Lorraine-67
890,Champagne-21
891,Auvergne-48
892,Bourgogne-50
893,Limousin-44
894,Champagne-07
895,Auvergne-09
896,Auvergne-13
897,Lorraine-87
898,Limousin-37
899,Bourgogne-93
900,Champagne-20
901,Auvergne-11
902,Champagne-85
903,Provence-45
904,Bourgogne-84
905,Limousin-17
906,Champagne-91
907,Bretagne-40
908,Lorraine-49
909,Auvergne-17
910,Lorraine-12
911,Limousin-66
912,Auvergne-03
913,Auvergne-40
914,Provence-28
915,Auvergne-99
916,Picardie-25
917,Alsace-18
918,Provence-10
919,Bourgogne-13
920,Lorraine-99
921,Lorraine-95
922,Lorraine-05
923,Auvergne-99
924,Champagne-17
925,Champagne-49
926,Provence-21
927,Provence-89
928,Champagne-22
929,Picardie-06
930,Limousin-47
931,Alsace-57
932,Champagne-37
933,Picardie-30
934,Lorraine-31
935,Bourgogne-61
936,Alsace-48
937,Champagne-57
938,Picardie-99
939,Bourgogne-49
940,Lorraine-68
941,Limousin-21
942,Alsace-78
943,Provence-33
944,Normandie-83
945,Picardie-48
946,Lorraine-14
947,Lorraine-16
948,Bourgogne-11
949,Provence-35
950,Picardie-66
951,Provence-56
952,Bretagne-29
953,Picardie-45
954,Normandie-54
955,Normandie-51
956,Lorraine-48
957,Alsace-50
958,Bretagne-48
959,Alsace-04
960,Auvergne-13
961,Auvergne-19
962,Provence-05
963,Bourgogne-61
964,Provence-98
965,Picardie-58
966,Champagne-01
967,Bretagne-03
968,Bourgogne-28
969,Provence-71
970,Champagne-68
971,Limousin-15
972,Bourgogne-31
973,Bourgogne-16
974,Normandie-31
975,Limousin-82
976,Champagne-59
977,Bretagne-15
978,Picardie-77
979,Lorraine-03
980,Lorraine-74
981,Alsace-92
982,Provence-38
983,Limousin-01
984,Champagne-46
985,Alsace-74
986,Limousin-24
987,Bretagne-68
988,Auvergne-09
989,Lorraine-70
990,Lorraine-65
991,Lorraine-03
992,Limousin-61
993,Normandie-82
994,Limousin-48
995,Bourgogne-96
996,Normandie-46
997,Bretagne-45
998,Alsace-94
999,Bretagne-99
1000,Champagne-95
1001,Auvergne-18
1002,Normandie-46
1003,Lorraine-44
1004,Provence-88
1005,Picardie-90
1006,Picardie-81
1007,Provence-18
1008,Bretagne-92
1009,Picardie-05
1010,Bourgogne-26
1011,Normandie-26
1012,Normandie-41
1013,Bourgogne-66
1014,Limousin-70
1015,Picardie-33
1016,Normandie-97
1017,Alsace-37
1018,Auvergne-07
1019,Auvergne-35
1020,Bretagne-48
1021,Limousin-52
1022,Picardie-50
1023,Auvergne-24
1024,Picardie-89
1025,Picardie-48
1026,Lorraine-35
1027,Bretagne-94
1028,Limousin-11
1029,Limousin-78
1030,Provence-70
1031,Bourgogne-42
1032,Bretagne-11
1033,Auvergne-85
1034,Bourgogne-40
1035,Picardie-78
1036,Limousin-22
1037,Picardie-45
1038,Picardie-06
1039,Auvergne-79
1040,Limousin-36
1041,Normandie-10
1042,Limousin-47
1043,Lorraine-96
1044,Provence-04
1045,Provence-78
1046,Picardie-05
1047,Provence-09
1048,Alsace-83
1049,Auvergne-47
1050,Limousin-73
1051,Normandie-78
1052,Provence-87
1053,Picardie-48
1054,Auvergne-57
1055,Bretagne-74
1056,Provence-68
1057,Auvergne-51
1058,Auvergne-84
1059,Bourgogne-32
1060,Bretagne-04
1061,Provence-64
1062,Lorraine-50
1063,Lorraine-16
1064,Bourgogne-34
1065,Picardie-28
1066,Champagne-37
1067,Picardie-26
1068,Bretagne-18
1069,Bretagne-58
1070,Provence-92
1071,Picardie-12
1072,Auvergne-86
1073,Auvergne-91
1074,Bretagne-71
1075,Lorraine-38
1076,Bourgogne-21
1077,Provence-47
1078,Lorraine-29
1079,Bretagne-26
1080,Provence-31
1081,Picardie-04
1082,Auvergne-71
1083,Champagne-48
1084,Picardie-71
1085,Provence-79
1086,Bretagne-09
1087,Bourgogne-51
1088,Picardie-68
1089,Limousin-99
1090,Limousin-74
1091,Bretagne-17
1092,Auvergne-83
1093,Bretagne-58
1094,Picardie-88
1095,Lorraine-45
1096,Provence-71
1097,Champagne-24
1098,Provence-56
1099,Lorraine-08
1100,Bretagne-67
1101,Provence-39
1102,Provence-21
1103,Auvergne-91
1104,Alsace-45
1105,Lorraine-37
1106,Bretagne-33
1107,Alsace-82
1108,Lorraine-36
1109,Provence-81
1110,Bourgogne-79
1111,Lorraine-12
1112,Lorraine-83
1113,Provence-76
1114,Champagne-20
1115,Provence-85
1116,Champagne-93
1117,Champagne-44
1118,Champagne-06
1119,Normandie-11
1120,Normandie-83
1121,Champagne-34
1122,Alsace-99
1123,Champagne-54
1124,Champagne-82
1125,Normandie-64
1126,Lorraine-38
1127,Bourgogne-62
1128,Alsace-88
1129,Limousin-39
1130,Picardie-10
1131,Normandie-21
1132,Picardie-54
1133,Picardie-60
1134,Alsace-44
1135,Champagne-19
1136,Auvergne-92
1137,Auvergne-94
1138,Auvergne-52
1139,Provence-98
1140,Auvergne-66
1141,Lorraine-14
1142,Auvergne-31
1143,Picardie-16
1144,Bourgogne-58
1145,Alsace-19
1146,Bretagne-07
1147,Bourgogne-50
1148,Champagne-54
1149,Alsace-21
1150,Auvergne-74
1151,Auvergne-25
1152,Provence-64
1153,Lorraine-60
1154,Picardie-40
1155,Picardie-03
1156,Bretagne-51
1157,Lorraine-59
1158,Alsace-28
1159,Champagne-46
1160,Normandie-07
1161,Bourgogne-64
1162,Champagne-84
1163,Picardie-37
1164,Lorraine-02
1165,Bretagne-56
1166,Provence-34
1167,Auvergne-98
1168,Limousin-47
1169,Normandie-52
1170,Normandie-73
1171,Lorraine-25
1172,Auvergne-71
1173,Bourgogne-10
1174,Limousin-65
1175,Picardie-98
1176,Lorraine-36
1177,Champagne-88
1178,Champagne-16
1179,Provence-13
1180,Limousin-48
1181,Auvergne-72
1182,Auvergne-97
1183,Provence-26
1184,Champagne-66
1185,Limousin-65
1186,Normandie-06
1187,Normandie-18
1188,Auvergne-61
1189,Lorraine-59
1190,Provence-78
1191,Lorraine-18
1192,Auvergne-79
1193,Auvergne-21
1194,Limousin-79
1195,Bourgogne-76
1196,Auvergne-65
1197,Lorraine-69
1198,Picardie-91
1199,Champagne-39
1200,Picardie-03
1201,Auvergne-43
1202,Bretagne-54
1203,Champagne-40
1204,Normandie-77
1205,Picardie-34
1206,Champagne-74
1207,Alsace-93
1208,Normandie-75
1209,Picardie-22
1210,Lorraine-81
1211,Champagne-49
1212,Provence-88
1213,Alsace-05
1214,Champagne-90
1215,Bretagne-25
1216,Normandie-57
1217,Auvergne-54
1218,Provence-53
1219,Alsace-53
1220,Lorraine-79
1221,Picardie-95
1222,Normandie-91
1223,Provence-67
1224,Alsace-72
1225,Auvergne-85
1226,Picardie-68
1227,Limousin-41
1228,Provence-59
1229,Lorraine-44
1230,Lorraine-46
1231,Bourgogne-79
1232,Picardie-25
1233,Alsace-36
1234,Lorraine-39
1235,Alsace-39
1236,Bourgogne-91
1237,Alsace-89
1238,Picardie-41
1239,Picardie-45
1240,Lorraine-93
1241,Bourgogne-37
1242,Bretagne-74
1243,Lorraine-49
1244,Limousin-45
1245,Provence-38
1246,Normandie-37
1247,Bretagne-45
1248,Picardie-84
1249,Bourgogne-96
1250,Picardie-28
1251,Alsace-69
1252,Bourgogne-72
1253,Bourgogne-18
1254,Bretagne-79
1255,Champagne-31
1256,Alsace-07
1257,Lorraine-29
1258,Alsace-07
1259,Bretagne-53
1260,Auvergne-92
1261,Picardie-13
1262,Provence-01
1263,Lorraine-21
1264,Limousin-84
1265,Picardie-62
1266,Alsace-97
1267,Bourgogne-42
1268,Bourgogne-83
1269,Normandie-99
1270,Bretagne-84
1271,Champagne-30
1272,Lorraine-95
1273,Normandie-23
1274,Limousin-23
1275,Normandie-51
1276,Picardie-24
1277,Bourgogne-05
1278,Normandie-39
1279,Champagne-78
1280,Bretagne-43
1281,Bourgogne-59
1282,Lorraine-68
1283,Picardie-18
1284,Lorraine-60
1285,Bourgogne-25
1286,Bretagne-43
1287,Provence-94
1288,Picardie-83
1289,Bourgogne-92
1290,Provence-02
1291,Auvergne-38
1292,Champagne-87
1293,Alsace-23
1294,Champagne-82
1295,Limousin-55
1296,Lorraine-42
1297,Bretagne-52
1298,Bretagne-24
1299,Provence-62
1300,Auvergne-32
1301,Normandie-34
1302,Limousin-31
1303,Picardie-97
1304,Bourgogne-43
1305,Bourgogne-75
1306,Champagne-02
1307,Bourgogne-84
1308,Auvergne-89
1309,Alsace-08
1310,Bretagne-60
1311,Bourgogne-21
1312,Limousin-88
1313,Lorraine-91
1314,Bourgogne-89
1315,Bretagne-82
1316,Bourgogne-48
1317,Champagne-29
1318,Alsace-18
1319,Picardie-20
1320,Picardie-96
1321,Champagne-48
1322,Limousin-90
1323,Lorraine-61
1324,Lorraine-86
1325,Alsace-98
1326,Alsace-88
1327,Champagne-11
1328,Lorraine-58
1329,Lorraine-91
1330,Auvergne-10
1331,Champagne-15
1332,Normandie-71
1333,Lorraine-26
1334,Champagne-69
1335,Provence-22
1336,Auvergne-67
1337,Picardie-15
1338,Alsace-92
1339,Champagne-63
1340,Bretagne-66
1341,Picardie-08
1342,Picardie-17
1343,Lorraine-54
1344,Picardie-73
1345,Normandie-72
1346,Picardie-87
1347,Bourgogne-93
1348,Normandie-51
1349,Bourgogne-01
1350,Alsace-75
1351,Bretagne-06
1352,Limousin-45
1353,Bretagne-70
1354,Normandie-09
1355,Picardie-05
1356,Bourgogne-53
1357,Provence-99
1358,Provence-99
1359,Limousin-48
1360,Limousin-58
1361,Limousin-49
1362,Bretagne-88
1363,Lorraine-18
1364,Auvergne-16
1365,Provence-69
1366,Limousin-68
1367,Provence-94
1368,Alsace-01
1369,Normandie-39
1370,Picardie-87
1371,Lorraine-55
1372,Lorraine-49
1373,Alsace-32
1374,Picardie-45
1375,Provence-36
1376,Alsace-93
1377,Bretagne-05
1378,Limousin-79
1379,Normandie-31
1380,Alsace-09
1381,Bretagne-77
1382,Normandie-58
1383,Champagne-87
1384,Normandie-32
1385,Normandie-52
1386,Picardie-30
1387,Lorraine-28
1388,Normandie-18
1389,Lorraine-38
1390,Alsace-94
1391,Champagne-41
1392,Champagne-77
1393,Auvergne-31
1394,Bourgogne-19
1395,Lorraine-29
1396,Limousin-39
1397,Bourgogne-08
1398,Lorraine-76
1399,Provence-81
1400,Limousin-72
1401,Picardie-07
1402,Auvergne-83
1403,Limousin-68
1404,Auvergne-90
1405,Limousin-53
1406,Provence-39
1407,Limousin-24
1408,Lorraine-61
1409,Alsace-29
1410,Bourgogne-91
1411,Provence-60
1412,Normandie-72
1413,Limousin-54
1414,Lorraine-68
1415,Provence-50
1416,Alsace-33
1417,Alsace-43
1418,Bretagne-58
1419,Auvergne-12
1420,Lorraine-93
1421,Alsace-07
1422,Bourgogne-49
1423,Champagne-78
1424,Normandie-10
1425,Alsace-98
1426,Champagne-93
1427,Lorraine-28
1428,Picardie-27
1429,Auvergne-39
1430,Normandie-28
1431,Alsace-95
1432,Bretagne-96
1433,Picardie-32
1434,Champagne-91
1435,Alsace-51
1436,Alsace-71
1437,Auvergne-37
1438,Limousin-60
1439,Lorraine-84
1440,Auvergne-40
1441,Bourgogne-47
1442,Lorraine-64
1443,Picardie-13
1444,Picardie-98
1445,Auvergne-27
1446,Auvergne-41
1447,Limousin-06
1448,Champagne-29
1449,Provence-03
1450,Bourgogne-71
1451,Champagne-75
1452,Limousin-38
1453,Provence-26
1454,Auvergne-30
1455,Limousin-73
1456,Alsace-64
1457,Lorraine-84
1458,Auvergne-33
1459,Picardie-93
1460,Picardie-59
1461,Provence-94
1462,Auvergne-22
1463,Provence-93
1464,Lorraine-63
1465,Provence-70
1466,Normandie-68
1467,Normandie-10
1468,Normandie-98
1469,Normandie-53
1470,Provence-81
1471,Alsace-09
1472,Provence-02
1473,Alsace-65
1474,Picardie-48
1475,Normandie-80
1476,Champagne-62
1477,Picardie-03
1478,Normandie-69
1479,Lorraine-53
1480,Normandie-03
1481,Lorraine-93
1482,Bourgogne-69
1483,Bourgogne-03
1484,Lorraine-90
1485,Limousin-23
1486,Bretagne-13
1487,Lorraine-20
1488,Alsace-25
1489,Champagne-68
1490,Bourgogne-46
1491,Bourgogne-51
1492,Bretagne-48
1493,Limousin-59
1494,Champagne-32
1495,Alsace-39
1496,Bretagne-84
1497,Normandie-12
1498,Limousin-49
1499,Limousin-71
1500,Picardie-08
1501,Normandie-90
1502,Provence-11
1503,Picardie-56
1504,Auvergne-73
1505,Bretagne-68
1506,Normandie-30
1507,Alsace-89
1508,Champagne-61
1509,Bourgogne-06
1510,Bretagne-88
1511,Bourgogne-70
1512,Champagne-85
1513,Normandie-23
1514,Auvergne-03
1515,Alsace-76
1516,Provence-97
1517,Limousin-10
1518,Bourgogne-21
1519,Champagne-31
1520,Champagne-50
1521,Lorraine-43
1522,Limousin-97
1523,Provence-89
1524,Bretagne-65
1525,Auvergne-07
1526,Bretagne-56
1527,Alsace-10
1528,Auvergne-78
1529,Champagne-77
1530,Limousin-42
1531,Normandie-82
1532,Bourgogne-58
1533,Picardie-30
1534,Auvergne-71
1535,Limousin-56
1536,Provence-88
1537,Champagne-85
1538,Limousin-11
1539,Champagne-38
1540,Alsace-92
1541,Bretagne-11
1542,Bourgogne-20
1543,Limousin-92
1544,Provence-95
1545,Limousin-41
1546,Auvergne-14
1547,Bretagne-01
1548,Bourgogne-57
1549,Auvergne-98
1550,Bourgogne-14
1551,Provence-12
1552,Provence-56
1553,Picardie-72
1554,Lorraine-66
1555,Limousin-14
1556,Normandie-12
1557,Auvergne-71
1558,Bretagne-77
1559,Champagne-42
1560,Limousin-02
1561,Bourgogne-53
1562,Limousin-11
1563,Lorraine-32
1564,Champagne-67
1565,Provence-88
1566,Limousin-22
1567,Provence-35
1568,Bourgogne-35
1569,Picardie-19
1570,Bretagne-22
1571,Limousin-36
1572,Limousin-39
1573,Picardie-10
1574,Auvergne-33
1575,Alsace-93
1576,Picardie-77
1577,Champagne-26
1578,Picardie-14
1579,Provence-39
1580,Normandie-51
1581,Auvergne-80
1582,Limousin-43
1583,Picardie-43
1584,Limousin-84
1585,Champagne-18
1586,Bourgogne-42
1587,Champagne-89
1588,Alsace-62
1589,Auvergne-23
1590,Limousin-41
1591,Bourgogne-95
1592,Picardie-74
1593,Alsace-42
1594,Limousin-36
1595,Limousin-47
1596,Bretagne-73
1597,Alsace-76
1598,Lorraine-24
1599,Lorraine-04
1600,Picardie-91
1601,Alsace-57
1602,Bourgogne-89
1603,Bretagne-53
1604,Picardie-18
1605,Bourgogne-31
1606,Bourgogne-85
1607,Provence-92
1608,Limousin-49
1609,Bretagne-58
1610,Champagne-62
1611,Champagne-52
1612,Lorraine-65
1613,Limousin-70
1614,Normandie-47
1615,Lorraine-77
1616,Bretagne-14
1617,Alsace-85
1618,Auvergne-22
1619,Champagne-06
1620,Champagne-83
1621,Limousin-97
1622,Auvergne-56
1623,Bretagne-02
1624,Bretagne-34
1625,Alsace-66
1626,Lorraine-72
1627,Champagne-89
1628,Champagne-29
1629,Picardie-48
1630,Limousin-60
1631,Champagne-89
1632,Lorraine-20
1633,Auvergne-04
1634,Picardie-14
1635,Bourgogne-54
1636,Bretagne-15
1637,Provence-45
1638,Bourgogne-44
1639,Picardie-27
1640,Lorraine-62
1641,Auvergne-61
1642,Bretagne-57
1643,Picardie-41
1644,Bretagne-39
1645,Normandie-91
1646,Bretagne-03
1647,Auvergne-83
1648,Bretagne-87
1649,Provence-95
1650,Alsace-67
1651,Provence-71
1652,Provence-43
1653,Lorraine-55
1654,Picardie-30
1655,Limousin-81
1656,Provence-24
1657,Limousin-51
1658,Normandie-95
1659,Champagne-26
1660,Picardie-76
1661,Limousin-50
1662,Normandie-91
1663,Alsace-27
1664,Bourgogne-97
1665,Bretagne-74
1666,Bretagne-69
1667,Provence-47
1668,Auvergne-26
1669,Picardie-15
1670,Bourgogne-86
1671,Picardie-68
1672,Auvergne-77
1673,Limousin-79
1674,Limousin-76
1675,Bretagne-45
1676,Auvergne-59
1677,Champagne-23
1678,Bourgogne-79
1679,Champagne-11
1680,Provence-41
1681,Bretagne-31
1682,Bourgogne-15
1683,Provence-48
1684,Provence-66
1685,Limousin-54
1686,Champagne-18
1687,Champagne-50
1688,Limousin-24
1689,Picardie-82
1690,Lorraine-89
1691,Provence-72
1692,Provence-63
1693,Bourgogne-18
1694,Provence-41
1695,Picardie-80
1696,Normandie-46
1697,Normandie-63
1698,Provence-25
1699,Limousin-72
1700,Lorraine-84
1701,Picardie-53
1702,Picardie-54
1703,Picardie-63
1704,Provence-11
1705,Champagne-04
1706,Alsace-38
1707,Normandie-36
1708,Alsace-69
1709,Bourgogne-22
1710,Picardie-73
1711,Picardie-71
1712,Lorraine-15
1713,Champagne-15
1714,Bourgogne-70
1715,Auvergne-70
1716,Normandie-98
1717,Picardie-70
1718,Alsace-55
1719,Bretagne-95
1720,Alsace-39
1721,Normandie-58
1722,Bourgogne-45
1723,Bretagne-57
1724,Bretagne-31
1725,Alsace-95
1726,Champagne-89
1727,Auvergne-91
1728,Champagne-81
1729,Limousin-22
1730,Champagne-18
1731,Alsace-27
1732,Normandie-73
1733,Auvergne-69
1734,Bourgogne-77
1735,Lorraine-22
1736,Auvergne-91
1737,Bourgogne-38
1738,Champagne-35
1739,Lorraine-87
1740,Bretagne-18
1741,Limousin-08
1742,Bourgogne-84
1743,Provence-90
1744,Provence-32
1745,Provence-92
1746,Auvergne-32
1747,Limousin-63
1748,Provence-74
1749,Bourgogne-81
1750,Limousin-49
1751,Picardie-10
1752,Bretagne-52
1753,Lorraine-96
1754,Bourgogne-89
1755,Auvergne-59
1756,Picardie-42
1757,Champagne-01
1758,Bretagne-94
1759,Picardie-82
1760,Auvergne-09
1761,Lorraine-51
1762,Alsace-55
1763,Alsace-64
1764,Bourgogne-42
1765,Bourgogne-44
1766,Lorraine-74
1767,Provence-73
1768,Picardie-44
1769,Normandie-06
1770,Bretagne-81
1771,Picardie-03
1772,Bretagne-21
1773,Picardie-59
1774,Normandie-55
1775,Alsace-89
1776,Provence-84
1777,Bourgogne-21
1778,Bourgogne-12
1779,Auvergne-33
1780,Bretagne-48
1781,Provence-07
1782,Limousin-81
1783,Bourgogne-93
1784,Alsace-55
1785,Bretagne-91
1786,Bretagne-01
1787,Alsace-62
1788,Bretagne-17
1789,Champagne-29
1790,Lorraine-88
1791,Picardie-02
1792,Normandie-90
1793,Auvergne-16
1794,Limousin-89
1795,Provence-62
1796,Bretagne-30
1797,Limousin-12
1798,Bretagne-14
1799,Auvergne-48
1800,Bourgogne-18
1801,Limousin-97
1802,Provence-83
1803,Provence-09
1804,Lorraine-73
1805,Normandie-79
1806,Provence-57
1807,Auvergne-93
1808,Alsace-81
1809,Provence-53
1810,Champagne-88
1811,Picardie-28
1812,Bretagne-13
1813,Provence-97
1814,Bretagne-76
1815,Limousin-45
1816,Limousin-41
1817,Provence-32
1818,Bourgogne-83
1819,Bretagne-32
1820,Lorraine-77
1821,Champagne-93
1822,Champagne-37
1823,Normandie-85
1824,Bourgogne-27
1825,Lorraine-78
1826,Lorraine-25
1827,Limousin-38
1828,Normandie-31
1829,Picardie-50
1830,Bretagne-31
1831,Picardie-82
1832,Champagne-10
1833,Lorraine-02
1834,Auvergne-41
1835,Provence-50
1836,Champagne-54
1837,Auvergne-70
1838,Provence-98
1839,Picardie-99
1840,Bretagne-03
1841,Champagne-09
1842,Normandie-34
1843,Alsace-06
1844,Normandie-51
1845,Lorraine-37
1846,Lorraine-99
1847,Limousin-55
1848,Limousin-11
1849,Lorraine-69
1850,Champagne-20
1851,Bourgogne-11
1852,Bourgogne-11
1853,Lorraine-27
1854,Provence-69
1855,Auvergne-51
1856,Champagne-82
1857,Bretagne-40
1858,Limousin-94
1859,Alsace-08
1860,Alsace-12
1861,Limousin-15
1862,Picardie-79
1863,Champagne-08
1864,Bourgogne-86
1865,Provence-16
1866,Normandie-91
1867,Provence-90
1868,Normandie-21
1869,Picardie-45
1870,Lorraine-67
1871,Bourgogne-22
1872,Auvergne-17
1873,Bourgogne-94
1874,Bretagne-99
1875,Normandie-43
1876,Limousin-35
1877,Lorraine-09
1878,Bourgogne-92
1879,Champagne-81
1880,Bretagne-64
1881,Picardie-66
1882,Auvergne-08
1883,Picardie-73
1884,Provence-48
1885,Provence-33
1886,Bretagne-74
1887,Bretagne-30
1888,Lorraine-01
1889,Normandie-02
1890,Alsace-06
1891,Picardie-47
1892,Limousin-20
1893,Provence-05
1894,Lorraine-92
1895,Limousin-29
1896,Auvergne-32
1897,Limousin-93
1898,Auvergne-35
1899,Bretagne-74
1900,Auvergne-16
1901,Lorraine-87
1902,Normandie-23
1903,Alsace-67
1904,Normandie-52
1905,Bretagne-60
1906,Bourgogne-40
1907,Auvergne-12
1908,Lorraine-59
1909,Normandie-48
1910,Alsace-38
1911,Champagne-39
1912,Champagne-32
1913,Picardie-48
1914,Champagne-64
1915,Alsace-94
1916,Lorraine-98
1917,Alsace-20
1918,Normandie-53
1919,Normandie-30
1920,Lorraine-45
1921,Normandie-43
1922,Normandie-98
1923,Limousin-95
1924,Bourgogne-14
1925,Alsace-68
1926,Alsace-54
1927,Picardie-08
1928,Provence-92
1929,Bourgogne-12
1930,Normandie-30
1931,Lorraine-53
1932,Auvergne-59
1933,Bretagne-75
1934,Bretagne-65
1935,Provence-82
1936,Limousin-10
1937,Champagne-73
1938,Normandie-56
1939,Provence-31
1940,Bourgogne-34
1941,Auvergne-51
1942,Auvergne-41
1943,Picardie-35
1944,Alsace-10
1945,Alsace-18
1946,Champagne-14
1947,Provence-14
1948,Provence-58
1949,Picardie-41
1950,Limousin-16
1951,Lorraine-46
1952,Alsace-58
1953,Bourgogne-60
1954,Bourgogne-16
1955,Bretagne-21
1956,Bourgogne-91
1957,Champagne-06
1958,Alsace-42
1959,Provence-12
1960,Alsace-46
1961,Limousin-66
1962,Normandie-87
1963,Bourgogne-34
1964,Provence-04
1965,Limousin-58
1966,Lorraine-96
1967,Lorraine-32
1968,Bretagne-60
1969,Bretagne-18
1970,Bretagne-02
1971,Normandie-29
1972,Provence-26
1973,Limousin-48
1974,Bretagne-75
1975,Champagne-34
1976,Bretagne-03
1977,Bretagne-26
1978,Picardie-17
1979,Bretagne-43
1980,Bretagne-06
1981,Picardie-07
1982,Provence-74
1983,Limousin-93
1984,Limousin-64
1985,Normandie-49
1986,Limousin-23
1987,Auvergne-28
1988,Provence-36
1989,Bourgogne-58
1990,Provence-05
1991,Champagne-80
1992,Champagne-32
1993,Bourgogne-64
1994,Limousin-71
1995,Picardie-08
1996,Bretagne-36
1997,Limousin-18
1998,Limousin-26
1999,Lorraine-32
2000,Lorraine-03
2001,Limousin-92
2002,Auvergne-62
2003,Lorraine-63
2004,Auvergne-73
2005,Lorraine-42
2006,Limousin-35
2007,Provence-04
2008,Auvergne-77
2009,Alsace-04
2010,Bourgogne-08
2011,Picardie-68
2012,Auvergne-99
2013,Champagne-30
2014,Provence-13
2015,Alsace-85
2016,Alsace-35
2017,Lorraine-95
2018,Normandie-98
2019,Alsace-74
2020,Limousin-46
2021,Provence-23
2022,Alsace-76
2023,Auvergne-95
2024,Auvergne-76
2025,Normandie-91
2026,Auvergne-73
2027,Champagne-19
2028,Champagne-25
2029,Picardie-70
2030,Bourgogne-23
2031,Picardie-05
2032,Bretagne-08
2033,Alsace-78
2034,Alsace-03
2035,Lorraine-62
2036,Normandie-43
2037,Champagne-26
2038,Provence-44
2039,Provence-42
2040,Normandie-03
2041,Provence-76
2042,Provence-15
2043,Lorraine-47
2044,Bretagne-48
2045,Limousin-76
2046,Bretagne-44
2047,Bourgogne-42
2048,Provence-21
2049,Limousin-82
2050,Picardie-84
2051,Auvergne-23
2052,Lorraine-89
2053,Champagne-46
2054,Alsace-86
2055,Champagne-23
2056,Limousin-40
2057,Bourgogne-17
2058,Provence-94
2059,Normandie-90
2060,Champagne-51
2061,Champagne-05
2062,Provence-78
2063,Auvergne-79
2064,Alsace-82
2065,Champagne-14
2066,Picardie-19
2067,Auvergne-96
2068,Bretagne-31
2069,Auvergne-41
2070,Provence-82
2071,Bretagne-91
2072,Auvergne-58
2073,Normandie-34
2074,Alsace-32
2075,Bretagne-45
2076,Bourgogne-14
2077,Normandie-07
2078,Limousin-57
2079,Limousin-22
2080,Limousin-64
2081,Limousin-45
2082,Lorraine-49
2083,Bretagne-62
2084,Champagne-84
2085,Alsace-21
2086,Picardie-10
2087,Normandie-38
2088,Normandie-41
2089,Bourgogne-14
2090,Bretagne-44
2091,Provence-49
2092,Provence-94
2093,Bretagne-71
2094,Bretagne-44
2095,Champagne-79
2096,Picardie-91
2097,Normandie-56
2098,Provence-78
2099,Limousin-21
2100,Normandie-13
2101,Auvergne-27
2102,Alsace-53
2103,Lorraine-93
2104,Lorraine-34
2105,Bourgogne-39
2106,Alsace-13
2107,Normandie-51
2108,Champagne-71
2109,Picardie-20
2110,Normandie-47
2111,Normandie-55
2112,Bretagne-38
2113,Champagne-62
2114,Alsace-13
2115,Normandie-27
2116,Provence-82
2117,Bourgogne-11
2118,Picardie-15
2119,Bourgogne-51
2120,Picardie-63
2121,Bourgogne-12
2122,Lorraine-50
2123,Provence-48
2124,Limousin-48
2125,Provence-58
2126,Normandie-34
2127,Picardie-60
2128,Bourgogne-29
2129,Bourgogne-73
2130,Normandie-20
2131,Bretagne-11
2132,Auvergne-70
2133,Limousin-97
2134,Champagne-30
2135,Lorraine-08
2136,Limousin-67
2137,Limousin-69
2138,Picardie-74
2139,Alsace-61
2140,Bourgogne-11
2141,Limousin-92
2142,Normandie-65
2143,Champagne-67
2144,Champagne-87
2145,Champagne-19
2146,Bretagne-97
2147,Picardie-23
2148,Provence-28
2149,Alsace-17
2150,Normandie-55
2151,Bretagne-88
2152,Limousin-26
2153,Provence-77
2154,Bourgogne-41
2155,Bretagne-12
2156,Limousin-72
2157,Limousin-71
2158,Auvergne-36
2159,Lorraine-59
2160,Normandie-90
2161,Champagne-76
2162,Lorraine-54
2163,Bretagne-54
2164,Provence-19
2165,Champagne-76
2166,Champagne-98
2167,Bretagne-14
2168,Champagne-13
2169,Bourgogne-69
2170,Auvergne-53
2171,Bourgogne-50
2172,Picardie-74
2173,Champagne-61
2174,Normandie-23
2175,Bourgogne-52
2176,Provence-80
2177,Champagne-88
2178,Limousin-05
2179,Limousin-43
2180,Alsace-07
2181,Picardie-35
2182,Auvergne-03
2183,Auvergne-39
2184,Bourgogne-36
2185,Picardie-90
2186,Bretagne-30
2187,Provence-39
2188,Picardie-42
2189,Bourgogne-94
2190,Limousin-78
2191,Bretagne-25
2192,Picardie-28
2193,Limousin-95
2194,Picardie-98
2195,Lorraine-48
2196,Normandie-66
2197,Provence-09
2198,Bourgogne-91
2199,Lorraine-52
2200,Provence-68
2201,Champagne-04
2202,Provence-25
2203,Alsace-08
2204,Alsace-05
2205,Picardie-07
2206,Auvergne-91
2207,Alsace-36
2208,Auvergne-60
2209,Lorraine-51
2210,Bretagne-88
2211,Normandie-31
2212,Auvergne-63
2213,Champagne-58
2214,Provence-61
2215,Champagne-71
2216,Auvergne-45
2217,Provence-34
2218,Bretagne-37
2219,Normandie-50
2220,Normandie-21
2221,Champagne-28
2222,Alsace-83
2223,Alsace-87
2224,Alsace-35
2225,Limousin-66
2226,Normandie-99
2227,Normandie-61
2228,Provence-83
2229,Provence-77
2230,Normandie-29
2231,Bourgogne-78
2232,Bourgogne-92
2233,Bourgogne-55
2234,Limousin-45
2235,Picardie-33
2236,Alsace-60
2237,Bourgogne-87
2238,Lorraine-80
2239,Limousin-75
2240,Bretagne-01
2241,Lorraine-85
2242,Auvergne-72
2243,Champagne-78
2244,Bourgogne-39
2245,Bretagne-62
2246,Bretagne-44
2247,Bourgogne-82
2248,Auvergne-36
2249,Bourgogne-84
2250,Bourgogne-25
2251,Provence-67
2252,Alsace-08
2253,Champagne-52
2254,Auvergne-88
2255,Provence-93
2256,Normandie-84
2257,Picardie-38
2258,Bourgogne-54
2259,Limousin-50
2260,Normandie-75
2261,Champagne-25
2262,Auvergne-93
2263,Alsace-88
2264,Lorraine-82
2265,Picardie-86
2266,Auvergne-65
2267,Bourgogne-22
2268,Lorraine-24
2269,Bourgogne-13
2270,Picardie-17
2271,Bourgogne-93
2272,Lorraine-98
2273,Provence-88
2274,Auvergne-84
2275,Bretagne-29
2276,Auvergne-29
2277,Bourgogne-54
2278,Auvergne-48
2279,Bourgogne-75
2280,Bourgogne-60
2281,Bretagne-61
2282,Normandie-82
2283,Champagne-75
2284,Champagne-10
2285,Picardie-25
2286,Lorraine-16
2287,Limousin-68
2288,Bourgogne-53
2289,Normandie-20
2290,Provence-26
2291,Auvergne-53
2292,Champagne-59
2293,Provence-41
2294,Provence-11
2295,Picardie-43
2296,Provence-41
2297,Normandie-01
2298,Picardie-36
2299,Alsace-98
2300,Provence-74
2301,Provence-63
2302,Bretagne-17
2303,Champagne-56
2304,Limousin-52
2305,Limousin-62
2306,Limousin-01
2307,Normandie-69
2308,Alsace-94
2309,Auvergne-02
2310,Auvergne-97
2311,Lorraine-25
2312,Normandie-87
2313,Normandie-81
2314,Alsace-29
2315,Auvergne-40
2316,Provence-14
2317,Limousin-65
2318,Champagne-40
2319,Provence-09
2320,Normandie-39
2321,Bourgogne-59
2322,Lorraine-77
2323,Lorraine-44
2324,Limousin-88
2325,Provence-44
2326,Picardie-46
2327,Alsace-22
2328,Limousin-03
2329,Alsace-29
2330,Provence-28
2331,Normandie-76
2332,Lorraine-22
2333,Bretagne-47
2334,Normandie-49
2335,Bourgogne-99
2336,Lorraine-80
2337,Normandie-77
2338,Normandie-85
2339,Bretagne-84
2340,Normandie-07
2341,Bretagne-54
2342,Picardie-49
2343,Bretagne-71
2344,Bourgogne-61
2345,Provence-27
2346,Normandie-39
2347,Limousin-85
2348,Bretagne-85
2349,Lorraine-35
2350,Champagne-78
2351,Provence-54
2352,Bretagne-66
2353,Champagne-16
2354,Bourgogne-15
2355,Bretagne-64
2356,Alsace-78
2357,Alsace-34
2358,Lorraine-26
2359,Auvergne-91
2360,Limousin-38
2361,Provence-06
2362,Lorraine-64
2363,Alsace-89
2364,Picardie-43
2365,Alsace-01
2366,Normandie-86
2367,Bretagne-15
2368,Champagne-86
2369,Picardie-20
2370,Bretagne-66
2371,Bretagne-93
2372,Bretagne-33
2373,Alsace-59
2374,Bourgogne-34
2375,Picardie-07
2376,Bretagne-23
2377,Normandie-38
2378,Auvergne-87
2379,Auvergne-55
2380,Bretagne-13
2381,Normandie-02
2382,Provence-85
2383,Provence-43
2384,Auvergne-57
2385,Champagne-35
2386,Bretagne-48
2387,Auvergne-24
2388,Bretagne-52
2389,Limousin-59
2390,Bourgogne-50
2391,Picardie-54
2392,Provence-15
2393,Provence-90
2394,Normandie-21
2395,Bretagne-54
2396,Champagne-62
2397,Champagne-87
2398,Picardie-24
2399,Champagne-49
2400,Auvergne-79
2401,Normandie-88
2402,Provence-62
2403,Picardie-15
2404,Limousin-57
2405,Normandie-09
2406,Bourgogne-84
2407,Auvergne-02
2408,Lorraine-99
2409,Champagne-93
2410,Champagne-29
2411,Auvergne-67
2412,Lorraine-89
2413,Champagne-13
2414,Limousin-85
2415,Alsace-62
2416,Auvergne-85
2417,Limousin-20
2418,Lorraine-79
2419,Normandie-02
2420,Provence-65
2421,Picardie-64
2422,Provence-10
2423,Picardie-42
2424,Alsace-43
2425,Bourgogne-07
2426,Lorraine-29
2427,Lorraine-83
2428,Limousin-52
2429,Alsace-11
2430,Picardie-57
2431,Champagne-58
2432,Bretagne-64
2433,Picardie-41
2434,Bretagne-64
2435,Normandie-14
2436,Limousin-53
2437,Normandie-72
2438,Lorraine-01
2439,Bretagne-78
2440,Champagne-82
2441,Bourgogne-66
2442,Lorraine-27
2443,Picardie-44
2444,Auvergne-07
2445,Alsace-59
2446,Auvergne-72
2447,Champagne-77
2448,Picardie-92
2449,Auvergne-92
2450,Picardie-15
2451,Bretagne-98
2452,Alsace-01
2453,Auvergne-46
2454,Bourgogne-71
2455,Lorraine-48
2456,Bretagne-06
2457,Provence-64
2458,Provence-92
2459,Limousin-14
2460,Bourgogne-79
2461,Alsace-25
2462,Bretagne-51
2463,Alsace-59
2464,Alsace-92
2465,Auvergne-14
2466,Limousin-06
2467,Champagne-16
2468,Picardie-59
2469,Champagne-65
2470,Provence-64
2471,Normandie-68
2472,Normandie-71
2473,Limousin-75
2474,Picardie-66
2475,Provence-89
2476,Champagne-23
2477,Provence-14
2478,Limousin-85
2479,Champagne-78
2480,Auvergne-65
2481,Limousin-54
2482,Champagne-89
2483,Alsace-36
2484,Limousin-44
2485,Bourgogne-58
2486,Provence-18
2487,Limousin-78
2488,Lorraine-39
2489,Lorraine-41
2490,Lorraine-81
2491,Alsace-26
2492,Alsace-80
2493,Bourgogne-88
2494,Auvergne-87
2495,Provence-91
2496,Provence-65
2497,Lorraine-89
2498,Auvergne-91
2499,Bretagne-98
2500,Auvergne-72
2501,Picardie-75
2502,Champagne-86
2503,Limousin-87
2504,Lorraine-37
2505,Limousin-02
2506,Lorraine-14
2507,Normandie-49
2508,Provence-07
2509,Normandie-26
2510,Bourgogne-97
2511,Provence-37
2512,Bourgogne-19
2513,Normandie-89
2514,Bourgogne-27
2515,Lorraine-05
2516,Auvergne-58
2517,Bretagne-79
2518,Lorraine-29
2519,Lorraine-50
2520,Alsace-66
2521,Bourgogne-89
2522,Normandie-49
2523,Limousin-54
2524,Auvergne-71
2525,Normandie-02
2526,Bourgogne-26
2527,Champagne-57
2528,Alsace-82
2529,Auvergne-97
2530,Champagne-70
2531,Champagne-26
2532,Alsace-38
2533,Picardie-23
2534,Bretagne-24
2535,Provence-95
2536,Lorraine-16
2537,Limousin-06
2538,Limousin-36
2539,Lorraine-34
2540,Provence-21
2541,Champagne-33
2542,Normandie-43
2543,Picardie-91
2544,Provence-06
2545,Provence-42
2546,Champagne-07
2547,Champagne-85
2548,Bourgogne-63
2549,Champagne-71
2550,Auvergne-10
2551,Auvergne-68
2552,Alsace-24
2553,Lorraine-09
2554,Lorraine-21
2555,Limousin-70
2556,Lorraine-52
2557,Bretagne-45
2558,Alsace-28
2559,Auvergne-43
2560,Auvergne-38
2561,Alsace-97
2562,Champagne-68
2563,Picardie-72
2564,Normandie-15
2565,Auvergne-58
2566,Alsace-83
2567,Champagne-80
2568,Alsace-06
2569,Auvergne-49
2570,Bretagne-50
2571,Bourgogne-70
2572,Bourgogne-04
2573,Lorraine-99
2574,Auvergne-66
2575,Lorraine-58
2576,Picardie-06
2577,Bourgogne-84
2578,Alsace-42
2579,Lorraine-11
2580,Bretagne-22
2581,Lorraine-69
2582,Normandie-81
2583,Bretagne-27
2584,Alsace-88
2585,Limousin-14
2586,Alsace-69
2587,Limousin-83
2588,Bretagne-96
2589,Provence-04
2590,Picardie-92
2591,Auvergne-05
2592,Bretagne-10
2593,Normandie-23
2594,Bourgogne-72
2595,Bretagne-74
2596,Alsace-34
2597,Limousin-50
2598,Picardie-81
2599,Limousin-56
2600,Auvergne-03
2601,Limousin-87
2602,Bretagne-69
2603,Normandie-83
2604,Champagne-09
2605,Champagne-06
2606,Bretagne-46
2607,Lorraine-14
2608,Bourgogne-88
2609,Bourgogne-78
2610,Bretagne-37
2611,Picardie-49
2612,Limousin-85
2613,Normandie-61
2614,Provence-69
2615,Alsace-18
2616,Limousin-70
2617,Bourgogne-82
2618,Provence-39
2619,Auvergne-02
2620,Lorraine-72
2621,Provence-16
2622,Normandie-01
2623,Champagne-77
2624,Limousin-69
2625,Lorraine-11
2626,Bourgogne-27
2627,Auvergne-28
2628,Limousin-83
2629,Lorraine-19
2630,Provence-24
2631,Alsace-79
2632,Bourgogne-25
2633,Bretagne-24
2634,Champagne-07
2635,Lorraine-60
2636,Lorraine-10
2637,Bourgogne-86
2638,Bretagne-33
2639,Bretagne-26
2640,Champagne-63
2641,Auvergne-46
2642,Provence-86
2643,Alsace-13
2644,Bourgogne-80
2645,Bretagne-25
2646,Auvergne-63
2647,Picardie-43
2648,Champagne-85
2649,Bourgogne-89
2650,Champagne-20
2651,Champagne-73
2652,Auvergne-41
2653,Limousin-22
2654,Normandie-41
2655,Alsace-29
2656,Limousin-36
2657,Auvergne-18
2658,Auvergne-62
2659,Picardie-58
2660,Auvergne-40
2661,Picardie-71
2662,Bretagne-23
2663,Champagne-11
2664,Bourgogne-18
2665,Lorraine-26
2666,Bourgogne-94
2667,Bretagne-94
2668,Bretagne-03
2669,Lorraine-81
2670,Normandie-75
2671,Champagne-52
2672,Champagne-28
2673,Normandie-71
2674,Bourgogne-70
2675,Lorraine-61
2676,Provence-47
2677,Limousin-29
2678,Champagne-94
2679,Bourgogne-18
2680,Picardie-65
2681,Lorraine-12
2682,Limousin-47
2683,Lorraine-02
2684,Alsace-79
2685,Provence-97
2686,Lorraine-18
2687,Picardie-21
2688,Provence-73
2689,Champagne-85
2690,Provence-95
2691,Picardie-46
2692,Normandie-29
2693,Picardie-30
2694,Bretagne-34
2695,Auvergne-30
2696,Normandie-86
2697,Alsace-67
2698,Auvergne-50
2699,Picardie-59
2700,Normandie-06
2701,Auvergne-14
2702,Lorraine-82
2703,Bourgogne-95
2704,Bourgogne-75
2705,Lorraine-73
2706,Provence-49
2707,Limousin-47
2708,Champagne-84
2709,Bretagne-67
2710,Bourgogne-49
2711,Alsace-67
2712,Limousin-46
2713,Auvergne-63
2714,Picardie-78
2715,Normandie-65
2716,Provence-57
2717,Provence-30
2718,Bretagne-66
2719,Bourgogne-28
2720,Provence-24
2721,Provence-47
2722,Champagne-92
2723,Bretagne-85
2724,Alsace-54
2725,Auvergne-93
2726,Bretagne-62
2727,Picardie-62
2728,Alsace-76
2729,Provence-83
2730,Limousin-03
2731,Alsace-06
2732,Provence-74
2733,Champagne-21
2734,Provence-81
2735,Lorraine-06
2736,Champagne-19
2737,Normandie-22
2738,Bourgogne-24
2739,Lorraine-52
2740,Champagne-73
2741,Normandie-93
2742,Bourgogne-11
2743,Alsace-58
2744,Champagne-61
2745,Picardie-22
2746,Alsace-53
2747,Champagne-19
2748,Champagne-99
2749,Provence-80
2750,Lorraine-34
2751,Provence-93
2752,Auvergne-59
2753,Champagne-76
2754,Bretagne-30
2755,Limousin-50
2756,Provence-14
2757,Normandie-26
2758,Lorraine-65
2759,Limousin-20
2760,Champagne-13
2761,Provence-61
2762,Champagne-77
2763,Normandie-69
2764,Lorraine-97
2765,Bretagne-12
2766,Picardie-85
2767,Provence-78
2768,Lorraine-01
2769,Limousin-67
2770,Limousin-48
2771,Normandie-90
2772,Lorraine-55
2773,Alsace-62
2774,Limousin-45
2775,Champagne-95
2776,Champagne-13
2777,Limousin-18
2778,Bourgogne-62
2779,Alsace-11
2780,Bourgogne-77
2781,Lorraine-53
2782,Bourgogne-25
2783,Normandie-91
2784,Normandie-74
2785,Lorraine-16
2786,Lorraine-01
2787,Limousin-84
2788,Alsace-89
2789,Auvergne-53
2790,Auvergne-14
2791,Provence-55
2792,Champagne-33
2793,Bourgogne-69
2794,Limousin-73
2795,Auvergne-79
2796,Bourgogne-88
2797,Limousin-97
2798,Alsace-53
2799,Lorraine-72
2800,Picardie-23
2801,Auvergne-72
2802,Lorraine-62
2803,Bourgogne-40
2804,Champagne-45
2805,Limousin-95
2806,Provence-85
2807,Bretagne-96
2808,Alsace-58
2809,Provence-13
2810,Alsace-66
2811,Limousin-44
2812,Lorraine-79
2813,Normandie-21
2814,Limousin-82
2815,Normandie-12
2816,Provence-61
2817,Champagne-56
2818,Bretagne-09
2819,Bourgogne-29
2820,Auvergne-11
2821,Champagne-05
2822,Limousin-52
2823,Champagne-84
2824,Lorraine-37
2825,Champagne-08
2826,Provence-82
2827,Picardie-57
2828,Normandie-26
2829,Lorraine-37
2830,Alsace-05
2831,Champagne-66
2832,Lorraine-90
2833,Alsace-79
2834,Provence-87
2835,Normandie-47
2836,Alsace-84
2837,Normandie-21
2838,Bretagne-36
2839,Limousin-46
2840,Limousin-52
2841,Champagne-26
2842,Lorraine-02
2843,Bretagne-12
2844,Lorraine-37
2845,Lorraine-75
2846,Auvergne-45
2847,Bourgogne-29
2848,Champagne-25
2849,Picardie-52
2850,Champagne-01
2851,Bourgogne-23
2852,Limousin-65
2853,Bretagne-72
2854,Bretagne-65
2855,Bourgogne-44
2856,Bretagne-66
2857,Bourgogne-69
2858,Champagne-33
2859,Picardie-49
2860,Champagne-62
2861,Alsace-97
2862,Auvergne-59
2863,Picardie-76
2864,Normandie-62
2865,Bretagne-34
2866,Bretagne-49
2867,Alsace-87
2868,Alsace-41
2869,Limousin-46
2870,Lorraine-69
2871,Normandie-90
2872,Bourgogne-32
2873,Bourgogne-12
2874,Limousin-87
2875,Auvergne-10
2876,Lorraine-23
2877,Picardie-41
2878,Auvergne-28
2879,Champagne-35
2880,Provence-96
2881,Alsace-64
2882,Alsace-31
2883,Alsace-34
2884,Alsace-30
2885,Alsace-32
2886,Champagne-46
2887,Provence-14
2888,Bretagne-11
2889,Picardie-79
2890,Normandie-98
2891,Lorraine-06
2892,Picardie-48
2893,Champagne-41
2894,Picardie-74
2895,Bourgogne-63
2896,Provence-98
2897,Lorraine-36
2898,Limousin-29
2899,Champagne-17
2900,Normandie-68
2901,Limousin-62
2902,Lorraine-05
2903,Lorraine-45
2904,Limousin-88
2905,Provence-59
2906,Bretagne-90
2907,Lorraine-59
2908,Auvergne-89
2909,Normandie-02
2910,Alsace-49
2911,Champagne-13
2912,Auvergne-47
2913,Champagne-34
2914,Provence-71
2915,Bourgogne-31
2916,Bourgogne-61
2917,Champagne-44
2918,Auvergne-24
2919,Picardie-55
2920,Alsace-54
2921,Auvergne-47
2922,Limousin-36
2923,Picardie-24
2924,Champagne-17
2925,Champagne-88
2926,Alsace-13
2927,Bourgogne-31
2928,Lorraine-56
2929,Limousin-26
2930,Provence-95
2931,Provence-61
2932,Normandie-23
2933,Limousin-64
2934,Provence-81
2935,Lorraine-69
2936,Auvergne-63
2937,Bourgogne-33
2938,Lorraine-73
2939,Normandie-51
2940,Bretagne-89
2941,Provence-08
2942,Alsace-33
2943,Picardie-81
2944,Bretagne-58
2945,Auvergne-34
2946,Auvergne-47
2947,Lorraine-72
2948,Bourgogne-45
2949,Normandie-53
2950,Bretagne-45
2951,Champagne-26
2952,Champagne-74
2953,Lorraine-23
2954,Bourgogne-46
2955,Auvergne-87
2956,Lorraine-63
2957,Picardie-11
2958,Limousin-79
2959,Bourgogne-60
2960,Provence-22
2961,Auvergne-54
2962,Champagne-74
2963,Limousin-10
2964,Bretagne-21
2965,Auvergne-30
2966,Auvergne-41
2967,Bourgogne-91
2968,Bourgogne-78
2969,Limousin-35
2970,Picardie-47
2971,Champagne-67
2972,Picardie-53
2973,Provence-24
2974,Normandie-17
2975,Alsace-85
2976,Bourgogne-96
2977,Bretagne-27
2978,Provence-51
2979,Bretagne-13
2980,Bretagne-61
2981,Lorraine-07
2982,Normandie-99
2983,Limousin-68
2984,Bretagne-14
2985,Bourgogne-80
2986,Provence-11
2987,Limousin-40
2988,Alsace-32
2989,Bourgogne-57
2990,Provence-17
2991,Lorraine-22
2992,Normandie-05
2993,Auvergne-42
2994,Picardie-60
2995,Lorraine-35
2996,Lorraine-57
2997,Provence-90
2998,Lorraine-23
2999,Champagne-77
3000,Picardie-81
3001,Champagne-56
3002,Lorraine-82
3003,Lorraine-40
3004,Auvergne-62
3005,Lorraine-30
3006,Bretagne-57
3007,Bourgogne-47
3008,Limousin-34
3009,Provence-39
3010,Normandie-01
3011,Lorraine-98
3012,Provence-45
3013,Bourgogne-61
3014,Lorraine-02
3015,Picardie-97
3016,Picardie-39
3017,Normandie-99
3018,Limousin-38
3019,Champagne-30
3020,Normandie-71
3021,Auvergne-25
3022,Limousin-72
3023,Limousin-51
3024,Alsace-21
3025,Limousin-49
3026,Alsace-34
3027,Bretagne-55
3028,Alsace-67
3029,Champagne-89
3030,Bourgogne-37
3031,Lorraine-35
3032,Limousin-25
3033,Bretagne-24
3034,Provence-38
3035,Bretagne-82
3036,Picardie-80
3037,Picardie-35
3038,Champagne-63
3039,Alsace-42
3040,Normandie-20
3041,Normandie-69
3042,Normandie-24
3043,Bretagne-37
3044,Bourgogne-17
3045,Picardie-94
3046,Normandie-30
3047,Bretagne-20
3048,Normandie-64
3049,Alsace-44
3050,Limousin-40
3051,Picardie-48
3052,Picardie-90
3053,Normandie-43
3054,Bretagne-97
3055,Provence-08
3056,Bourgogne-51
3057,Bretagne-70
3058,Picardie-24
3059,Alsace-33
3060,Limousin-02
3061,Bretagne-99
3062,Alsace-50
3063,Picardie-32
3064,Normandie-26
3065,Picardie-95
3066,Bretagne-67
3067,Alsace-61
3068,Limousin-88
3069,Bourgogne-42
3070,Provence-81
3071,Normandie-96
3072,Lorraine-67
3073,Bretagne-33
3074,Picardie-82
3075,Bourgogne-26
3076,Auvergne-07
3077,Alsace-15
3078,Alsace-82
3079,Limousin-42
3080,Normandie-22
3081,Bourgogne-75
3082,Bretagne-51
3083,Alsace-02
3084,Normandie-75
3085,Picardie-89
3086,Champagne-20
3087,Auvergne-99
3088,Bretagne-32
3089,Provence-64
3090,Bretagne-88
3091,Champagne-44
3092,Normandie-08
3093,Auvergne-83
3094,Provence-90
3095,Lorraine-14
3096,Provence-63
3097,Alsace-41
3098,Lorraine-83
3099,Auvergne-57
3100,Alsace-03
3101,Limousin-46
3102,Provence-33
3103,Normandie-63
3104,Picardie-72
3105,Bourgogne-70
3106,Picardie-25
3107,Champagne-24
3108,Lorraine-45
3109,Auvergne-94
3110,Picardie-36
3111,Champagne-71
3112,Provence-09
3113,Lorraine-20
3114,Picardie-38
3115,Bourgogne-70
3116,Auvergne-59
3117,Normandie-82
3118,Lorraine-49
3119,Provence-03
3120,Champagne-47
3121,Champagne-31
3122,Auvergne-93
3123,Bretagne-85
3124,Lorraine-50
3125,Alsace-68
3126,Picardie-99
3127,Lorraine-20
3128,Champagne-37
3129,Auvergne-53
3130,Auvergne-15
3131,Bretagne-67
3132,Bretagne-06
3133,Provence-23
3134,Normandie-26
3135,Bretagne-63
3136,Alsace-13
3137,Normandie-74
3138,Limousin-85
3139,Picardie-68
3140,Champagne-90
3141,Champagne-33
3142,Normandie-47
3143,Alsace-78
3144,Bretagne-02
3145,Alsace-84
3146,Picardie-11
3147,Picardie-82
3148,Normandie-47
3149,Lorraine-96
3150,Limousin-48
3151,Normandie-79
3152,Bourgogne-68
3153,Normandie-94
3154,Bretagne-39
3155,Bretagne-28
3156,Lorraine-13
3157,Bretagne-93
3158,Alsace-69
3159,Limousin-25
3160,Alsace-68
3161,Alsace-73
3162,Provence-72
3163,Lorraine-54
3164,Bretagne-99
3165,Champagne-46
3166,Picardie-90
3167,Limousin-14
3168,Provence-24
3169,Lorraine-52
3170,Lorraine-44
3171,Provence-69
3172,Champagne-57
3173,Auvergne-41
3174,Lorraine-42
3175,Auvergne-53
3176,Limousin-93
3177,Auvergne-78
3178,Alsace-73
3179,Lorraine-28
3180,Limousin-99
3181,Lorraine-96
3182,Bourgogne-47
3183,Picardie-58
3184,Limousin-01
3185,Normandie-37
3186,Champagne-03
3187,Lorraine-18
3188,Bourgogne-01
3189,Bourgogne-29
3190,Alsace-41
3191,Normandie-99
3192,Bourgogne-71
3193,Lorraine-72
3194,Champagne-74
3195,Provence-13
3196,Normandie-59
3197,Auvergne-20
3198,Provence-34
3199,Auvergne-75
3200,Alsace-30
3201,Bourgogne-39
3202,Bretagne-74
3203,Limousin-73
3204,Alsace-94
3205,Bretagne-93
3206,Auvergne-62
3207,Provence-63
3208,Champagne-13
3209,Champagne-83
3210,Bourgogne-05
3211,Champagne-49
3212,Bretagne-08
3213,Auvergne-45
3214,Limousin-54
3215,Bretagne-99
3216,Alsace-96
3217,Champagne-02
3218,Limousin-07
3219,Bourgogne-68
3220,Normandie-41
3221,Lorraine-73
3222,Provence-42
3223,Lorraine-90
3224,Alsace-20
3225,Normandie-87
3226,Limousin-58
3227,Champagne-74
3228,Lorraine-12
3229,Alsace-56
3230,Bourgogne-51
3231,Provence-17
3232,Auvergne-11
3233,Picardie-74
3234,Normandie-71
3235,Limousin-34
3236,Bretagne-52
3237,Lorraine-56
3238,Provence-98
3239,Provence-62
3240,Lorraine-26
3241,Picardie-51
3242,Champagne-26
3243,Lorraine-79
3244,Lorraine-32
3245,Alsace-10
3246,Bourgogne-56
3247,Auvergne-88
3248,Champagne-12
3249,Bretagne-86
3250,Limousin-55
3251,Auvergne-45
3252,Alsace-42
3253,Auvergne-77
3254,Normandie-99
3255,Bourgogne-22
3256,Auvergne-79
3257,Picardie-80
3258,Provence-57
3259,Normandie-30
3260,Alsace-88
3261,Auvergne-20
3262,Bretagne-15
3263,Normandie-32
3264,Champagne-19
3265,Bourgogne-02
3266,Auvergne-89
3267,Bretagne-40
3268,Picardie-61
3269,Normandie-43
3270,Alsace-95
3271,Lorraine-28
3272,Alsace-70
3273,Lorraine-97
3274,Bourgogne-71
3275,Picardie-80
3276,Provence-89
3277,Normandie-49
3278,Champagne-85
3279,Lorraine-06
3280,Bourgogne-22
3281,Normandie-37
3282,Alsace-90
3283,Champagne-35
3284,Normandie-60
3285,Normandie-09
3286,Limousin-85
3287,Bourgogne-85
3288,Auvergne-14
3289,Normandie-38
3290,Limousin-30
3291,Limousin-66
3292,Bretagne-41
3293,Picardie-77
3294,Lorraine-12
3295,Provence-26
3296,Lorraine-59
3297,Lorraine-92
3298,Normandie-06
3299,Alsace-68
3300,Bourgogne-43
3301,Picardie-51
3302,Provence-03
3303,Auvergne-88
3304,Auvergne-46
3305,Bourgogne-31
3306,Lorraine-36
3307,Normandie-81
3308,Bourgogne-50
3309,Normandie-72
3310,Bourgogne-29
3311,Provence-44
3312,Limousin-85
3313,Provence-12
3314,Limousin-67
3315,Champagne-81
3316,Alsace-54
3317,Alsace-74
3318,Provence-55
3319,Bourgogne-78
3320,Auvergne-58
3321,Lorraine-17
3322,Alsace-84
3323,Provence-75
3324,Lorraine-88
3325,Alsace-18
3326,Bourgogne-89
3327,Lorraine-18
3328,Limousin-99
3329,Provence-84
3330,Champagne-21
3331,Auvergne-09
3332,Lorraine-69
3333,Bretagne-24
3334,Auvergne-19
3335,Normandie-98
3336,Auvergne-53
3337,Limousin-39
3338,Picardie-96
3339,Bourgogne-20
3340,Alsace-14
3341,Provence-24
3342,Normandie-98
3343,Champagne-79
3344,Bourgogne-78
3345,Champagne-79
3346,Alsace-77
3347,Alsace-30
3348,Normandie-46
3349,Bretagne-89
3350,Picardie-18
3351,Lorraine-78
3352,Picardie-92
3353,Auvergne-24
3354,Limousin-63
3355,Picardie-18
3356,Provence-25
3357,Alsace-05
3358,Limousin-98
3359,Normandie-35
3360,Limousin-29
3361,Alsace-97
3362,Alsace-09
3363,Provence-57
3364,Champagne-63
3365,Auvergne-59
3366,Alsace-55
3367,Limousin-06
3368,Champagne-95
3369,Limousin-93
3370,Auvergne-51
3371,Champagne-96
3372,Champagne-77
3373,Lorraine-68
3374,Normandie-67
3375,Bretagne-58
3376,Picardie-06
3377,Alsace-67
3378,Lorraine-51
3379,Normandie-72
3380,Limousin-67
3381,Normandie-25
3382,Bourgogne-57
3383,Limousin-39
3384,Bourgogne-60
3385,Provence-55
3386,Bourgogne-79
3387,Normandie-89
3388,Lorraine-19
3389,Picardie-83
3390,Picardie-12
3391,Lorraine-15
3392,Provence-75
3393,Lorraine-18
3394,Limousin-53
3395,Auvergne-58
3396,Normandie-23
3397,Picardie-76
3398,Alsace-59
3399,Bretagne-33
3400,Auvergne-89
3401,Provence-92
3402,Bretagne-12
3403,Bretagne-91
3404,Picardie-82
3405,Auvergne-11
3406,Lorraine-91
3407,Limousin-94
3408,Lorraine-79
3409,Provence-49
3410,Lorraine-49
3411,Normandie-99
3412,Provence-43
3413,Champagne-85
3414,Provence-21
3415,Provence-23
3416,Normandie-54
3417,Bourgogne-40
3418,Picardie-37
3419,Provence-16
3420,Provence-26
3421,Normandie-80
3422,Bourgogne-02
3423,Picardie-64
3424,Picardie-70
3425,Normandie-78
3426,Picardie-31
3427,Alsace-76
3428,Picardie-59
3429,Limousin-57
3430,Bretagne-77
3431,Champagne-01
3432,Alsace-71
3433,Bourgogne-80
3434,Lorraine-27
3435,Normandie-24
3436,Provence-08
3437,Auvergne-05
3438,Provence-05
3439,Champagne-78
3440,Bourgogne-43
3441,Bretagne-07
3442,Bretagne-54
3443,Provence-21
3444,Bourgogne-79
3445,Champagne-74
3446,Lorraine-23
3447,Picardie-96
3448,Champagne-47
3449,Normandie-12
3450,Bourgogne-42
3451,Auvergne-49
3452,Bretagne-98
3453,Limousin-71
3454,Bretagne-38
3455,Picardie-18
3456,Bretagne-89
3457,Bourgogne-43
3458,Lorraine-53
3459,Lorraine-27
3460,Alsace-79
3461,Normandie-14
3462,Champagne-94
3463,Lorraine-12
3464,Picardie-93
3465,Champagne-91
3466,Bourgogne-55
3467,Champagne-41
3468,Bourgogne-68
3469,Champagne-80
3470,Auvergne-17
3471,Champagne-73
3472,Picardie-67
3473,Picardie-64
3474,Provence-79
3475,Alsace-91
3476,Bourgogne-25
3477,Normandie-16
3478,Normandie-60
3479,Bretagne-95
3480,Alsace-79
3481,Limousin-53
3482,Normandie-43
3483,Auvergne-72
3484,Alsace-02
3485,Alsace-89
3486,Bourgogne-33
3487,Bretagne-40
3488,Bourgogne-65
3489,Lorraine-42
3490,Normandie-15
3491,Auvergne-44
3492,Limousin-93
3493,Champagne-79
3494,Normandie-23
3495,Alsace-43
3496,Auvergne-87
3497,Picardie-61
3498,Normandie-83
3499,Provence-62
3500,Provence-81
3501,Picardie-69
3502,Auvergne-60
3503,Limousin-96
3504,Normandie-67
3505,Bourgogne-73
3506,Auvergne-72
3507,Lorraine-03
3508,Alsace-74
3509,Auvergne-46
3510,Bretagne-20
3511,Bourgogne-04
3512,Auvergne-49
3513,Lorraine-22
3514,Champagne-78
3515,Limousin-24
3516,Champagne-15
3517,Bourgogne-91
3518,Auvergne-91
3519,Normandie-35
3520,Limousin-12
3521,Picardie-31
3522,Auvergne-58
3523,Bourgogne-28
3524,Lorraine-39
3525,Provence-15
3526,Auvergne-05
3527,Alsace-12
3528,Picardie-65
3529,Normandie-62
3530,Lorraine-20
3531,Alsace-44
3532,Picardie-94
3533,Lorraine-40
3534,Auvergne-19
3535,Bretagne-67
3536,Provence-27
3537,Normandie-59
3538,Limousin-92
3539,Lorraine-15
3540,Normandie-40
3541,Normandie-88
3542,Champagne-12
3543,Auvergne-60
3544,Normandie-14
3545,Lorraine-99
3546,Bourgogne-03
3547,Champagne-98
3548,Bourgogne-82
3549,Alsace-42
3550,Alsace-25
3551,Bourgogne-36
3552,Lorraine-41
3553,Picardie-86
3554,Bretagne-35
3555,Provence-21
3556,Bourgogne-15
3557,Normandie-80
3558,Lorraine-66
3559,Bretagne-27
3560,Lorraine-45
3561,Lorraine-41
3562,Bourgogne-19
3563,Bourgogne-74
3564,Alsace-22
3565,Bretagne-40
3566,Champagne-44
3567,Lorraine-57
3568,Normandie-17
3569,Normandie-61
3570,Normandie-14
3571,Limousin-07
3572,Bretagne-55
3573,Limousin-23
3574,Champagne-76
3575,Picardie-79
3576,Auvergne-40
3577,Auvergne-26
3578,Lorraine-11
3579,Picardie-73
3580,Provence-12
3581,Picardie-13
3582,Picardie-40
3583,Picardie-61
3584,Alsace-29
3585,Provence-79
3586,Bourgogne-47
3587,Limousin-24
3588,Auvergne-42
3589,Picardie-63
3590,Normandie-09
3591,Picardie-15
3592,Auvergne-62
3593,Picardie-22
3594,Bourgogne-99
3595,Auvergne-78
3596,Champagne-17
3597,Lorraine-14
3598,Limousin-92
3599,Bretagne-42
3600,Lorraine-84
3601,Bretagne-39
3602,Lorraine-60
3603,Limousin-76
3604,Limousin-31
3605,Champagne-32
3606,Lorraine-21
3607,Picardie-50
3608,Bretagne-44
3609,Alsace-89
3610,Champagne-56
3611,Limousin-73
3612,Auvergne-70
3613,Alsace-23
3614,Bretagne-95
3615,Champagne-63
3616,Bretagne-76
3617,Champagne-60
3618,Auvergne-72
3619,Bretagne-57
3620,Provence-40
3621,Limousin-09
3622,Champagne-14
3623,Champagne-99
3624,Limousin-42
3625,Picardie-83
3626,Normandie-12
3627,Alsace-18
3628,Champagne-97
3629,Normandie-97
3630,Provence-85
3631,Provence-58
3632,Lorraine-38
3633,Limousin-79
3634,Champagne-58
3635,Alsace-27
3636,Auvergne-39
3637,Champagne-87
3638,Bourgogne-56
3639,Auvergne-12
3640,Champagne-02
3641,Champagne-66
3642,Limousin-17
3643,Bourgogne-08
3644,Auvergne-71
3645,Normandie-01
3646,Lorraine-46
3647,Bretagne-37
3648,Normandie-31
3649,Limousin-90
3650,Champagne-51
3651,Auvergne-92
3652,Limousin-52
3653,Limousin-56
3654,Lorraine-28
3655,Provence-61
3656,Provence-25
3657,Lorraine-50
3658,Auvergne-54
3659,Provence-37
3660,Provence-18
3661,Normandie-10
3662,Normandie-19
3663,Picardie-85
3664,Limousin-18
3665,Bretagne-18
3666,Limousin-59
3667,Champagne-55
3668,Champagne-24
3669,Picardie-66
3670,Limousin-71
3671,Picardie-50
3672,Auvergne-29
3673,Provence-55
3674,Champagne-01
3675,Champagne-64
3676,Alsace-92
3677,Lorraine-35
3678,Limousin-70
3679,Champagne-47
3680,Normandie-05
3681,Champagne-62
3682,Auvergne-15
3683,Champagne-62
3684,Bretagne-19
3685,Lorraine-97
3686,Bourgogne-60
3687,Lorraine-11
3688,Lorraine-79
3689,Bretagne-32
3690,Picardie-81
3691,Bretagne-88
3692,Lorraine-75
3693,Bourgogne-79
3694,Normandie-44
3695,Lorraine-02
3696,Picardie-59
3697,Lorraine-61
3698,Champagne-94
3699,Auvergne-54
3700,Auvergne-38
3701,Bourgogne-22
3702,Normandie-89
3703,Champagne-96
3704,Bourgogne-94
3705,Champagne-34
3706,Normandie-81
3707,Picardie-75
3708,Provence-74
3709,Normandie-85
3710,Bourgogne-95
3711,Champagne-04
3712,Bourgogne-63
3713,Bretagne-17
3714,Lorraine-10
3715,Bourgogne-33
3716,Provence-79
3717,Bourgogne-36
3718,Bourgogne-02
3719,Bretagne-78
3720,Provence-76
3721,Provence-85
3722,Picardie-48
3723,Provence-34
3724,Alsace-63
3725,Provence-68
3726,Normandie-44
3727,Bretagne-19
3728,Champagne-20
3729,Picardie-97
3730,Limousin-99
3731,Limousin-31
3732,Picardie-93
3733,Provence-27
3734,Champagne-94
3735,Auvergne-07
3736,Bourgogne-97
3737,Bretagne-07
3738,Provence-60
3739,Limousin-61
3740,Bourgogne-61
3741,Lorraine-30
3742,Limousin-88
3743,Limousin-61
3744,Bourgogne-19
3745,Lorraine-56
3746,Normandie-37
3747,Picardie-49
3748,Auvergne-68
3749,Normandie-13
3750,Lorraine-82
3751,Auvergne-56
3752,Champagne-84
3753,Bourgogne-43
3754,Bourgogne-35
3755,Bretagne-33
3756,Champagne-51
3757,Picardie-99
3758,Alsace-94
3759,Champagne-99
3760,Alsace-67
3761,Auvergne-87
3762,Provence-41
3763,Lorraine-02
3764,Normandie-09
3765,Normandie-53
3766,Bretagne-68
3767,Bretagne-88
3768,Picardie-45
3769,Alsace-93
3770,Bourgogne-33
3771,Alsace-05
3772,Normandie-80
3773,Bretagne-08
3774,Champagne-85
3775,Alsace-77
3776,Bretagne-91
3777,Bretagne-12
3778,Champagne-17
3779,Limousin-85
3780,Champagne-24
3781,Bretagne-90
3782,Provence-33
3783,Bourgogne-60
3784,Bretagne-82
3785,Picardie-36
3786,Limousin-89
3787,Auvergne-33
3788,Provence-10
3789,Bourgogne-08
3790,Limousin-50
3791,Auvergne-08
3792,Bourgogne-34
3793,Provence-57
3794,Bretagne-63
3795,Alsace-79
3796,Limousin-23
3797,Picardie-14
3798,Provence-70
3799,Limousin-28
3800,Champagne-83
3801,Bretagne-57
3802,Bourgogne-14
3803,Normandie-10
3804,Bretagne-74
3805,Bourgogne-58
3806,Normandie-64
3807,Provence-84
3808,Normandie-05
3809,Limousin-35
3810,Provence-90
3811,Auvergne-51
3812,Champagne-01
3813,Lorraine-91
3814,Picardie-62
3815,Limousin-52
3816,Bretagne-70
3817,Alsace-01
3818,Limousin-89
3819,Picardie-16
3820,Champagne-69
3821,Auvergne-43
3822,Bourgogne-52
3823,Normandie-81
3824,Bretagne-47
3825,Lorraine-44
3826,Bretagne-59
3827,Bourgogne-83
3828,Alsace-23
3829,Lorraine-06
3830,Limousin-85
3831,Alsace-39
3832,Limousin-14
3833,Auvergne-63
3834,Bretagne-81
3835,Picardie-95
3836,Alsace-18
3837,Normandie-25
3838,Normandie-93
3839,Champagne-31
3840,Picardie-50
3841,Bretagne-70
3842,Bourgogne-64
3843,Lorraine-58
3844,Normandie-05
3845,Auvergne-08
3846,Auvergne-93
3847,Normandie-52
3848,Bretagne-28
3849,Lorraine-59
3850,Lorraine-20
3851,Champagne-30
3852,Bretagne-05
3853,Provence-63
3854,Normandie-61
3855,Champagne-06
3856,Alsace-90
3857,Provence-02
3858,Provence-81
3859,Normandie-40
3860,Bretagne-59
3861,Champagne-22
3862,Champagne-09
3863,Bretagne-15
3864,Picardie-77
3865,Champagne-29
3866,Bretagne-26
3867,Limousin-44
3868,Limousin-42
3869,Bretagne-88
3870,Champagne-70
3871,Provence-42
3872,Alsace-98
3873,Normandie-76
3874,Provence-43
3875,Bretagne-16
3876,Bourgogne-19
3877,Limousin-22
3878,Auvergne-71
3879,Provence-57
3880,Alsace-75
3881,Normandie-18
3882,Bretagne-81
3883,Champagne-49
3884,Provence-03
3885,Picardie-11
3886,Normandie-01
3887,Provence-12
3888,Champagne-37
3889,Limousin-89
3890,Picardie-89
3891,Provence-27
3892,Provence-82
3893,Bourgogne-67
3894,Picardie-53
3895,Alsace-23
3896,Champagne-89
3897,Normandie-77
3898,Provence-92
3899,Picardie-79
3900,Bretagne-81
3901,Bourgogne-45
3902,Limousin-01
3903,Lorraine-31
3904,Alsace-16
3905,Lorraine-13
3906,Champagne-47
3907,Lorraine-65
3908,Alsace-60
3909,Alsace-36
3910,Normandie-25
3911,Bretagne-20
3912,Picardie-64
3913,Provence-21
3914,Normandie-07
3915,Auvergne-37
3916,Alsace-56
3917,Bourgogne-43
3918,Champagne-98
3919,Picardie-06
3920,Bretagne-95
3921,Normandie-69
3922,Provence-21
3923,Normandie-63
3924,Lorraine-15
3925,Bretagne-31
3926,Picardie-76
3927,Champagne-42
3928,Limousin-26
3929,Auvergne-30
3930,Bretagne-42
3931,Alsace-13
3932,Alsace-95
3933,Limousin-26
3934,Limousin-29
3935,Bretagne-61
3936,Champagne-63
3937,Normandie-56
3938,Provence-28
3939,Champagne-59
3940,Provence-50
3941,Auvergne-18
3942,Picardie-93
3943,Alsace-81
3944,Auvergne-35
3945,Alsace-43
3946,Provence-05
3947,Champagne-08
3948,Bourgogne-18
3949,Bretagne-60
3950,Picardie-54
3951,Provence-98
3952,Auvergne-29
3953,Bourgogne-78
3954,Provence-82
3955,Champagne-22
3956,Champagne-71
3957,Alsace-12
3958,Limousin-67
3959,Picardie-28
3960,Champagne-61
3961,Picardie-36
3962,Normandie-94
3963,Limousin-95
3964,Alsace-32
3965,Auvergne-56
3966,Champagne-29
3967,Champagne-20
3968,Champagne-01
3969,Limousin-06
3970,Normandie-61
3971,Lorraine-05
3972,Limousin-68
3973,Limousin-62
3974,Bretagne-58
3975,Picardie-31
3976,Bretagne-72
3977,Normandie-89
3978,Limousin-28
3979,Provence-46
3980,Bourgogne-31
3981,Bretagne-03
3982,Picardie-86
3983,Bourgogne-21
3984,Picardie-74
3985,Champagne-04
3986,Picardie-60
3987,Provence-91
3988,Limousin-24
3989,Auvergne-81
3990,Picardie-91
3991,Normandie-81
3992,Bretagne-50
3993,Auvergne-68
3994,Normandie-38
3995,Limousin-97
3996,Bourgogne-90
3997,Champagne-70
3998,Champagne-27
3999,Bretagne-80
4000,Auvergne-95
4001,Normandie-66
4002,Auvergne-07
4003,Bretagne-50
4004,Auvergne-60
4005,Champagne-06
4006,Auvergne-47
4007,Provence-83
4008,Lorraine-91
4009,Bretagne-72
4010,Alsace-18
4011,Auvergne-31
4012,Lorraine-15
4013,Picardie-95
4014,Champagne-90
4015,Alsace-97
4016,Alsace-42
4017,Auvergne-35
4018,Lorraine-88
4019,Limousin-36
4020,Normandie-09
4021,Auvergne-45
4022,Picardie-63
4023,Lorraine-68
4024,Bretagne-61
4025,Lorraine-87
4026,Lorraine-38
4027,Picardie-80
4028,Auvergne-87
4029,Bretagne-25
4030,Picardie-12
4031,Bretagne-51
4032,Provence-37
4033,Bretagne-14
4034,Provence-36
4035,Bretagne-90
4036,Provence-64
4037,Provence-27
4038,Lorraine-81
4039,Normandie-38
4040,Limousin-88
4041,Lorraine-17
4042,Picardie-45
4043,Limousin-57
4044,Normandie-38
4045,Alsace-09
4046,Normandie-30
4047,Lorraine-83
4048,Auvergne-53
4049,Champagne-44
4050,Auvergne-63
4051,Champagne-86
4052,Lorraine-71
4053,Picardie-59
4054,Bourgogne-73
4055,Provence-40
4056,Provence-34
4057,Alsace-62
4058,Auvergne-37
4059,Normandie-19
4060,Auvergne-37
4061,Picardie-22
4062,Champagne-21
4063,Lorraine-37
4064,Provence-23
4065,Provence-21
4066,Alsace-15
4067,Normandie-41
4068,Champagne-17
4069,Picardie-34
4070,Auvergne-24
4071,Alsace-72
4072,Normandie-86
4073,Auvergne-45
4074,Provence-48
4075,Picardie-70
4076,Provence-69
4077,Bourgogne-16
4078,Normandie-52
4079,Picardie-99
4080,Provence-59
4081,Auvergne-20
4082,Normandie-95
4083,Lorraine-65
4084,Auvergne-83
4085,Bourgogne-61
4086,Bourgogne-97
4087,Champagne-86
4088,Provence-73
4089,Picardie-44
4090,Bretagne-94
4091,Picardie-06
4092,Provence-87
4093,Lorraine-15
4094,Bourgogne-04
4095,Limousin-80
4096,Alsace-58
4097,Auvergne-12
4098,Auvergne-08
4099,Champagne-83
4100,Alsace-75
4101,Lorraine-29
4102,Bourgogne-26
4103,Normandie-11
4104,Lorraine-58
4105,Bretagne-66
4106,Limousin-25
4107,Picardie-41
4108,Champagne-78
4109,Lorraine-08
4110,Auvergne-51
4111,Provence-92
4112,Limousin-48
4113,Limousin-48
4114,Normandie-37
4115,Auvergne-45
4116,Bourgogne-58
4117,Lorraine-12
4118,Alsace-94
4119,Picardie-95
4120,Limousin-57
4121,Bourgogne-21
4122,Limousin-94
4123,Limousin-18
4124,Champagne-77
4125,Bretagne-19
4126,Alsace-39
4127,Picardie-68
4128,Auvergne-09
4129,Champagne-97
4130,Limousin-12
4131,Normandie-53
4132,Bourgogne-54
4133,Provence-72
4134,Picardie-91
4135,Champagne-97
4136,Provence-26
4137,Provence-49
4138,Bourgogne-71
4139,Picardie-06
4140,Bourgogne-75
4141,Bourgogne-64
4142,Lorraine-95
4143,Picardie-29
4144,Normandie-01
4145,Provence-34
4146,Bourgogne-82
4147,Picardie-16
4148,Bourgogne-54
4149,Provence-63
4150,Alsace-04
4151,Bretagne-98
4152,Bourgogne-64
4153,Bretagne-77
4154,Auvergne-75
4155,Picardie-73
4156,Limousin-34
4157,Picardie-89
4158,Bretagne-48
4159,Lorraine-94
4160,Champagne-03
4161,Bourgogne-21
4162,Champagne-08
4163,Provence-41
4164,Picardie-89
4165,Provence-46
4166,Provence-07
4167,Bourgogne-47
4168,Limousin-82
4169,Auvergne-07
4170,Bourgogne-38
4171,Lorraine-82
4172,Bretagne-66
4173,Alsace-99
4174,Provence-98
4175,Bretagne-77
4176,Provence-70
4177,Auvergne-41
4178,Bourgogne-35
4179,Auvergne-13
4180,Lorraine-75
4181,Auvergne-19
4182,Normandie-18
4183,Lorraine-37
4184,Auvergne-63
4185,Limousin-44
4186,Provence-14
4187,Alsace-20
4188,Lorraine-29
4189,Alsace-72
4190,Champagne-89
4191,Lorraine-69
4192,Lorraine-90
4193,Bretagne-54
4194,Picardie-10
4195,Bretagne-17
4196,Normandie-62
4197,Auvergne-40
4198,Auvergne-18
4199,Picardie-77
4200,Lorraine-98
4201,Auvergne-23
4202,Bourgogne-04
4203,Bretagne-29
4204,Provence-89
4205,Provence-89
4206,Alsace-40
4207,Provence-27
4208,Provence-11
4209,Limousin-89
4210,Bretagne-10
4211,Normandie-62
4212,Limousin-06
4213,Alsace-14
4214,Normandie-85
4215,Lorraine-76
4216,Normandie-61
4217,Bretagne-33
4218,Normandie-09
4219,Bourgogne-86
4220,Normandie-97
4221,Bretagne-16
4222,Champagne-27
4223,Champagne-26
4224,Provence-86
4225,Auvergne-04
4226,Bretagne-19
4227,Bourgogne-75
4228,Auvergne-46
4229,Provence-65
4230,Champagne-31
4231,Lorraine-73
4232,Bretagne-13
4233,Champagne-98
4234,Normandie-68
4235,Alsace-92
4236,Alsace-37
4237,Provence-97
4238,Lorraine-01
4239,Bretagne-28
4240,Lorraine-91
4241,Picardie-47
4242,Champagne-24
4243,Picardie-87
4244,Bretagne-24
4245,Auvergne-49
4246,Limousin-28
4247,Lorraine-30
4248,Limousin-15
4249,Auvergne-16
4250,Picardie-15
4251,Lorraine-18
4252,Picardie-98
4253,Auvergne-91
4254,Bourgogne-72
4255,Normandie-11
4256,Auvergne-64
4257,Bretagne-50
4258,Bourgogne-59
4259,Champagne-95
4260,Bourgogne-88
4261,Picardie-29
4262,Lorraine-53
4263,Bourgogne-55
4264,Alsace-09
4265,Picardie-87
4266,Auvergne-23
4267,Normandie-87
4268,Picardie-87
4269,Bretagne-51
4270,Picardie-67
4271,Bretagne-16
4272,Provence-51
4273,Limousin-89
4274,Champagne-14
4275,Provence-09
4276,Auvergne-26
4277,Auvergne-26
4278,Champagne-52
4279,Bretagne-30
4280,Limousin-93
4281,Picardie-36
4282,Champagne-76
4283,Bourgogne-97
4284,Limousin-46
4285,Picardie-86
4286,Champagne-52
4287,Picardie-66
4288,Bourgogne-19
4289,Picardie-14
4290,Bretagne-33
4291,Picardie-64
4292,Alsace-81
4293,Provence-04
4294,Bretagne-95
4295,Normandie-09
4296,Picardie-87
4297,Normandie-23
4298,Limousin-78
4299,Auvergne-20
4300,Bourgogne-80
4301,Champagne-13
4302,Bretagne-85
4303,Lorraine-99
4304,Picardie-60
4305,Alsace-38
4306,Picardie-63
4307,Lorraine-34
4308,Lorraine-44
4309,Lorraine-70
4310,Normandie-98
4311,Normandie-56
4312,Bretagne-50
4313,Picardie-41
4314,Limousin-57
4315,Picardie-05
4316,Normandie-23
4317,Lorraine-85
4318,Bourgogne-91
4319,Provence-63
4320,Limousin-18
4321,Bourgogne-92
4322,Limousin-63
4323,Bretagne-73
4324,Picardie-85
4325,Lorraine-88
4326,Lorraine-74
4327,Picardie-61
4328,Lorraine-21
4329,Lorraine-08
4330,Limousin-34
4331,Picardie-76
4332,Limousin-79
4333,Auvergne-99
4334,Bourgogne-42
4335,Normandie-04
4336,Champagne-06
4337,Provence-47
4338,Auvergne-95
4339,Champagne-04
4340,Auvergne-49
4341,Bretagne-55
4342,Auvergne-46
4343,Limousin-45
4344,Normandie-85
4345,Alsace-32
4346,Alsace-83
4347,Bourgogne-76
4348,Bretagne-89
4349,Bretagne-40
4350,Bretagne-44
4351,Provence-03
4352,Lorraine-42
4353,Normandie-59
4354,Limousin-73
4355,Lorraine-54
4356,Bourgogne-03
4357,Picardie-76
4358,Normandie-41
4359,Limousin-74
4360,Limousin-42
4361,Champagne-13
4362,Picardie-13
4363,Alsace-44
4364,Picardie-65
4365,Auvergne-22
4366,Champagne-39
4367,Auvergne-56
4368,Alsace-64
4369,Bretagne-69
4370,Alsace-37
4371,Bourgogne-07
4372,Bourgogne-74
4373,Limousin-29
4374,Champagne-96
4375,Bretagne-92
4376,Champagne-13
4377,Champagne-44
4378,Bourgogne-09
4379,Champagne-68
4380,Picardie-55
4381,Alsace-45
4382,Bretagne-84
4383,Bourgogne-65
4384,Bourgogne-56
4385,Lorraine-41
4386,Alsace-54
4387,Limousin-33
4388,Champagne-66
4389,Picardie-86
4390,Lorraine-24
4391,Normandie-81
4392,Lorraine-24
4393,Champagne-64
4394,Alsace-85
4395,Picardie-35
4396,Lorraine-79
4397,Limousin-73
4398,Normandie-67
4399,Alsace-47
4400,Picardie-19
4401,Alsace-20
4402,Bourgogne-56
4403,Limousin-41
4404,Bretagne-82
4405,Alsace-53
4406,Bourgogne-37
4407,Provence-33
4408,Champagne-31
4409,Limousin-31
4410,Bretagne-20
4411,Alsace-04
4412,Alsace-40
4413,Picardie-63
4414,Lorraine-56
4415,Limousin-83
4416,Normandie-26
4417,Provence-35
4418,Provence-04
4419,Bourgogne-36
4420,Lorraine-23
4421,Normandie-93
4422,Picardie-03
4423,Normandie-11
4424,Auvergne-78
4425,Bourgogne-09
4426,Limousin-47
4427,Bretagne-51
4428,Provence-31
4429,Bretagne-74
4430,Lorraine-16
4431,Lorraine-86
4432,Champagne-68
4433,Bourgogne-64
4434,Bretagne-31
4435,Champagne-16
4436,Auvergne-43
4437,Champagne-95
4438,Limousin-96
4439,Alsace-55
4440,Alsace-19
4441,Bretagne-23
4442,Alsace-36
4443,Picardie-53
4444,Bourgogne-76
4445,Normandie-63
4446,Lorraine-48
4447,Bretagne-41
4448,Lorraine-55
4449,Picardie-88
4450,Alsace-36
4451,Provence-47
4452,Picardie-92
4453,Auvergne-40
4454,Normandie-83
4455,Champagne-05
4456,Normandie-89
4457,Alsace-33
4458,Lorraine-50
4459,Bourgogne-82
4460,Auvergne-88
4461,Bretagne-69
4462,Alsace-57
4463,Limousin-02
4464,Limousin-33
4465,Bourgogne-12
4466,Alsace-39
4467,Alsace-21
4468,Picardie-81
4469,Auvergne-99
4470,Limousin-05
4471,Bourgogne-11
4472,Picardie-61
4473,Limousin-43
4474,Limousin-13
4475,Provence-90
4476,Bourgogne-65
4477,Bretagne-46
4478,Limousin-78
4479,Lorraine-95
4480,Auvergne-59
4481,Normandie-98
4482,Normandie-83
4483,Provence-81
4484,Picardie-83
4485,Provence-01
4486,Limousin-26
4487,Bourgogne-41
4488,Champagne-11
4489,Bretagne-21
4490,Alsace-67
4491,Provence-77
4492,Limousin-41
4493,Picardie-62
4494,Provence-34
4495,Provence-88
4496,Champagne-42
4497,Bourgogne-26
4498,Bretagne-54
4499,Auvergne-24
4500,Limousin-49
4501,Champagne-29
4502,Normandie-03
4503,Lorraine-83
4504,Champagne-81
4505,Alsace-12
4506,Picardie-26
4507,Bourgogne-90
4508,Provence-07
4509,Limousin-80
4510,Limousin-77
4511,Bourgogne-20
4512,Bretagne-48
4513,Provence-73
4514,Bretagne-02
4515,Lorraine-56
4516,Picardie-87
4517,Picardie-16
4518,Alsace-92
4519,Alsace-25
4520,Bourgogne-37
4521,Picardie-49
4522,Provence-56
4523,Alsace-77
4524,Alsace-37
4525,Alsace-54
4526,Provence-53
4527,Provence-04
4528,Bourgogne-34
4529,Alsace-80
4530,Picardie-32
4531,Auvergne-75
4532,Picardie-11
4533,Normandie-61
4534,Provence-42
4535,Limousin-88
4536,Alsace-92
4537,Limousin-91
4538,Limousin-95
4539,Champagne-33
4540,Bretagne-13
4541,Lorraine-08
4542,Normandie-43
4543,Alsace-61
4544,Auvergne-78
4545,Champagne-91
4546,Normandie-01
4547,Bourgogne-65
4548,Champagne-49
4549,Bourgogne-51
4550,Auvergne-17
4551,Lorraine-06
4552,Champagne-23
4553,Bourgogne-22
4554,Lorraine-64
4555,Auvergne-60
4556,Provence-12
4557,Auvergne-91
4558,Lorraine-56
4559,Provence-34
4560,Bretagne-41
4561,Normandie-17
4562,Picardie-36
4563,Auvergne-56
4564,Bourgogne-34
4565,Champagne-98
4566,Bourgogne-67
4567,Auvergne-56
4568,Provence-41
4569,Picardie-98
4570,Provence-72
4571,Picardie-07
4572,Alsace-20
4573,Normandie-30
4574,Provence-05
4575,Picardie-34
4576,Provence-91
4577,Picardie-56
4578,Bretagne-64
4579,Normandie-57
4580,Auvergne-91
4581,Lorraine-63
4582,Picardie-64
4583,Bretagne-93
4584,Provence-16
4585,Auvergne-12
4586,Alsace-37
4587,Provence-22
4588,Lorraine-35
4589,Champagne-85
4590,Champagne-28
4591,Champagne-01
4592,Lorraine-99
4593,Champagne-24
4594,Limousin-10
4595,Alsace-99
4596,Picardie-87
4597,Bretagne-43
4598,Normandie-37
4599,Bretagne-51
4600,Auvergne-76
4601,Bretagne-42
4602,Provence-04
4603,Bretagne-59
4604,Picardie-59
4605,Bourgogne-77
4606,Normandie-43
4607,Normandie-84
4608,Champagne-58
4609,Auvergne-94
4610,Champagne-17
4611,Alsace-07
4612,Bourgogne-42
4613,Normandie-96
4614,Bretagne-71
4615,Champagne-49
4616,Bretagne-52
4617,Bourgogne-23
4618,Alsace-99
4619,Limousin-12
4620,Normandie-27
4621,Provence-50
4622,Limousin-37
4623,Provence-16
4624,Bourgogne-63
4625,Limousin-95
4626,Bourgogne-88
4627,Champagne-17
4628,Auvergne-86
4629,Bretagne-48
4630,Lorraine-26
4631,Picardie-58
4632,Limousin-61
4633,Bourgogne-73
4634,Champagne-55
4635,Bretagne-97
4636,Limousin-48
4637,Champagne-24
4638,Limousin-81
4639,Limousin-12
4640,Normandie-66
4641,Auvergne-60
4642,Alsace-83
4643,Provence-64
4644,Lorraine-81
4645,Lorraine-11
4646,Bourgogne-60
4647,Limousin-11
4648,Picardie-39
4649,Provence-17
4650,Bourgogne-32
4651,Lorraine-55
4652,Bourgogne-73
4653,Normandie-71
4654,Bretagne-06
4655,Lorraine-14
4656,Lorraine-55
4657,Limousin-13
4658,Picardie-85
4659,Champagne-33
4660,Auvergne-33
4661,Champagne-11
4662,Lorraine-03
4663,Bretagne-95
4664,Picardie-23
4665,Provence-51
4666,Normandie-11
4667,Limousin-91
4668,Bourgogne-41
4669,Champagne-93
4670,Picardie-97
4671,Picardie-80
4672,Bourgogne-44
4673,Provence-28
4674,Provence-11
4675,Champagne-34
4676,Bretagne-56
4677,Lorraine-03
4678,Normandie-51
4679,Bretagne-02
4680,Provence-84
4681,Picardie-59
4682,Limousin-85
4683,Champagne-93
4684,Picardie-39
4685,Champagne-79
4686,Auvergne-89
4687,Limousin-39
4688,Bretagne-17
4689,Provence-02
4690,Alsace-15
4691,Normandie-90
4692,Alsace-04
4693,Alsace-62
4694,Provence-84
4695,Alsace-56
4696,Lorraine-25
4697,Bretagne-39
4698,Picardie-19
4699,Picardie-55
4700,Normandie-15
4701,Provence-20
4702,Picardie-63
4703,Picardie-03
4704,Picardie-75
4705,Alsace-26
4706,Bourgogne-73
4707,Limousin-07
4708,Auvergne-02
4709,Bretagne-81
4710,Limousin-54
4711,Picardie-95
4712,Champagne-77
4713,Lorraine-38
4714,Normandie-63
4715,Limousin-63
4716,Lorraine-76
4717,Champagne-87
4718,Picardie-30
4719,Normandie-68
4720,Normandie-55
4721,Champagne-41
4722,Lorraine-09
4723,Bourgogne-83
4724,Limousin-61
4725,Bretagne-64
4726,Champagne-83
4727,Auvergne-58
4728,Limousin-03
4729,Provence-37
4730,Alsace-61
4731,Auvergne-57
4732,Alsace-65
4733,Alsace-76
4734,Auvergne-78
4735,Picardie-17
4736,Bourgogne-93
4737,Limousin-54
4738,Auvergne-61
4739,Provence-80
4740,Alsace-37
4741,Bretagne-86
4742,Picardie-17
4743,Provence-26
4744,Provence-78
4745,Picardie-13
4746,Limousin-64
4747,Bourgogne-31
4748,Alsace-72
4749,Normandie-03
4750,Auvergne-34
4751,Auvergne-87
4752,Provence-23
4753,Lorraine-05
4754,Bretagne-44
4755,Limousin-15
4756,Champagne-30
4757,Bretagne-72
4758,Alsace-63
4759,Bourgogne-44
4760,Auvergne-99
4761,Normandie-99
4762,Lorraine-35
4763,Provence-89
4764,Lorraine-78
4765,Bretagne-91
4766,Normandie-57
4767,Picardie-97
4768,Bretagne-14
4769,Champagne-79
4770,Bretagne-72
4771,Normandie-65
4772,Bretagne-22
4773,Bretagne-27
4774,Auvergne-21
4775,Bourgogne-91
4776,Picardie-98
4777,Lorraine-64
4778,Bretagne-20
4779,Auvergne-43
4780,Provence-16
4781,Alsace-57
4782,Limousin-99
4783,Normandie-32
4784,Picardie-44
4785,Bourgogne-65
4786,Provence-11
4787,Bourgogne-48
4788,Limousin-47
4789,Alsace-20
4790,Lorraine-54
4791,Alsace-18
4792,Limousin-53
4793,Limousin-59
4794,Lorraine-88
4795,Auvergne-04
4796,Picardie-19
4797,Normandie-92
4798,Lorraine-09
4799,Bretagne-44
4800,Auvergne-52
4801,Provence-56
4802,Normandie-51
4803,Normandie-85
4804,Provence-74
4805,Normandie-81
4806,Lorraine-38
4807,Limousin-52
4808,Lorraine-39
4809,Auvergne-45
4810,Normandie-36
4811,Lorraine-79
4812,Provence-90
4813,Limousin-58
4814,Alsace-70
4815,Champagne-80
4816,Picardie-90
4817,Auvergne-84
4818,Limousin-26
4819,Bourgogne-11
4820,Normandie-69
4821,Auvergne-50
4822,Provence-67
4823,Lorraine-37
4824,Alsace-12
4825,Lorraine-71
4826,Bourgogne-67
4827,Auvergne-97
4828,Provence-03
4829,Normandie-70
4830,Champagne-34
4831,Alsace-39
4832,Limousin-65
4833,Bretagne-94
4834,Normandie-48
4835,Bourgogne-81
4836,Lorraine-46
4837,Bretagne-07
4838,Bretagne-58
4839,Bourgogne-74
4840,Normandie-59
4841,Auvergne-31
4842,Champagne-73
4843,Lorraine-77
4844,Alsace-45
4845,Bourgogne-37
4846,Champagne-87
4847,Provence-92
4848,Limousin-67
4849,Alsace-14
4850,Auvergne-67
4851,Champagne-25
4852,Auvergne-59
4853,Bretagne-19
4854,Limousin-53
4855,Bretagne-12
4856,Normandie-55
4857,Provence-61
4858,Alsace-58
4859,Bretagne-48
4860,Lorraine-52
4861,Champagne-72
4862,Lorraine-51
4863,Bourgogne-75
4864,Picardie-82
4865,Limousin-57
4866,Picardie-94
4867,Limousin-21
4868,Provence-65
4869,Provence-63
4870,Picardie-17
4871,Lorraine-68
4872,Bretagne-89
4873,Alsace-59
4874,Picardie-05
4875,Provence-72
4876,Auvergne-16
4877,Champagne-53
4878,Bretagne-16
4879,Auvergne-74
4880,Bourgogne-06
4881,Lorraine-20
4882,Bretagne-48
4883,Bourgogne-48
4884,Bourgogne-38
4885,Picardie-04
4886,Provence-19
4887,Champagne-54
4888,Normandie-40
4889,Bourgogne-28
4890,Provence-95
4891,Picardie-01
4892,Bretagne-71
4893,Auvergne-09
4894,Normandie-54
4895,Picardie-74
4896,Bourgogne-73
4897,Picardie-44
4898,Limousin-61
4899,Champagne-17
4900,Provence-65
4901,Picardie-98
4902,Picardie-86
4903,Picardie-20
4904,Auvergne-12
4905,Champagne-86
4906,Champagne-53
4907,Limousin-30
4908,Limousin-44
4909,Lorraine-06
4910,Picardie-95
4911,Bourgogne-83
4912,Bretagne-22
4913,Normandie-74
4914,Bourgogne-72
4915,Bretagne-83
4916,Lorraine-11
4917,Alsace-80
4918,Lorraine-74
4919,Normandie-73
4920,Lorraine-25
4921,Picardie-65
4922,Normandie-16
4923,Lorraine-24
4924,Normandie-36
4925,Alsace-32
4926,Champagne-57
4927,Bretagne-69
4928,Champagne-42
4929,Limousin-76
4930,Normandie-63
4931,Normandie-44
4932,Limousin-24
4933,Limousin-04
4934,Lorraine-41
4935,Limousin-33
4936,Bretagne-15
4937,Bretagne-70
4938,Provence-37
4939,Provence-24
4940,Bourgogne-99
4941,Bretagne-20
4942,Bourgogne-53
4943,Provence-08
4944,Champagne-42
4945,Provence-04
4946,Normandie-39
4947,Limousin-13
4948,Auvergne-19
4949,Limousin-42
4950,Bourgogne-49
4951,Bretagne-07
4952,Alsace-31
4953,Champagne-76
4954,Alsace-64
4955,Lorraine-97
4956,Lorraine-50
4957,Bretagne-35
4958,Normandie-41
4959,Picardie-71
4960,Limousin-09
4961,Picardie-04
4962,Limousin-82
4963,Alsace-03
4964,Bourgogne-71
4965,Champagne-87
4966,Bretagne-32
4967,Lorraine-84
4968,Provence-39
4969,Champagne-53
4970,Picardie-11
4971,Lorraine-27
4972,Provence-48
4973,Lorraine-22
4974,Alsace-69
4975,Limousin-72
4976,Picardie-06
4977,Normandie-60
4978,Champagne-38
4979,Provence-01
4980,Normandie-62
4981,Bourgogne-77
4982,Bourgogne-88
4983,Limousin-45
4984,Alsace-75
4985,Lorraine-37
4986,Normandie-21
4987,Lorraine-73
4988,Bretagne-39
4989,Bretagne-51
4990,Bretagne-18
4991,Lorraine-36
4992,Limousin-27
4993,Champagne-65
4994,Auvergne-88
4995,Auvergne-82
4996,Bourgogne-97
4997,Picardie-35
4998,Alsace-85
4999,Auvergne-44
5000,Alsace-59
